id,slug,name_en,name_de,definition_en,definition_de,url,doi,license,author_orcid
AUG-0233,2am-breakthrough,The 2AM Breakthrough,The 2AM Breakthrough,,,https://andreasehstandlicenseofclarityloc.github.io/augmanitai-stage-0/atlas/2am-breakthrough/,10.5281/zenodo.20118267,CC-BY-NC-ND-4.0,0009-0006-3773-7796
AUG-0791,academic-integrity-line,The Academic Integrity Line,The Academic Integrity Line,,,https://andreasehstandlicenseofclarityloc.github.io/augmanitai-stage-0/atlas/academic-integrity-line/,10.5281/zenodo.20118267,CC-BY-NC-ND-4.0,0009-0006-3773-7796
AUG-0703,academic-register,The Academic Register,The Academic Register,,,https://andreasehstandlicenseofclarityloc.github.io/augmanitai-stage-0/atlas/academic-register/,10.5281/zenodo.20118267,CC-BY-NC-ND-4.0,0009-0006-3773-7796
AUG-0259,accent-eraser,The Accent Eraser,The Accent Eraser,,,https://andreasehstandlicenseofclarityloc.github.io/augmanitai-stage-0/atlas/accent-eraser/,10.5281/zenodo.20118267,CC-BY-NC-ND-4.0,0009-0006-3773-7796
AUG-0711,accent-persistence,The Accent Persistence,The Accent Persistence,,,https://andreasehstandlicenseofclarityloc.github.io/augmanitai-stage-0/atlas/accent-persistence/,10.5281/zenodo.20118267,CC-BY-NC-ND-4.0,0009-0006-3773-7796
AUG-0213,access-architecture,The Access Architecture,The Access Architecture,,,https://andreasehstandlicenseofclarityloc.github.io/augmanitai-stage-0/atlas/access-architecture/,10.5281/zenodo.20118267,CC-BY-NC-ND-4.0,0009-0006-3773-7796
AUG-0724,access-cost-factor,The Access Cost Factor,The Access Cost Factor,,,https://andreasehstandlicenseofclarityloc.github.io/augmanitai-stage-0/atlas/access-cost-factor/,10.5281/zenodo.20118267,CC-BY-NC-ND-4.0,0009-0006-3773-7796
AUG-0721,access-differential,The Access Differential,The Access Differential,,,https://andreasehstandlicenseofclarityloc.github.io/augmanitai-stage-0/atlas/access-differential/,10.5281/zenodo.20118267,CC-BY-NC-ND-4.0,0009-0006-3773-7796
AUG-0945,access-structure,The Access Structure,The Access Structure,,,https://andreasehstandlicenseofclarityloc.github.io/augmanitai-stage-0/atlas/access-structure/,10.5281/zenodo.20118267,CC-BY-NC-ND-4.0,0009-0006-3773-7796
AUG-0723,accesses-infrastructure-effect,Accesses-Infrastructure Effect,Smartphone-Only World,,,https://andreasehstandlicenseofclarityloc.github.io/augmanitai-stage-0/atlas/accesses-infrastructure-effect/,10.5281/zenodo.20118267,CC-BY-NC-ND-4.0,0009-0006-3773-7796
AUG-0518,accessibility-eye,The Accessibility Eye,The Accessibility Eye,,,https://andreasehstandlicenseofclarityloc.github.io/augmanitai-stage-0/atlas/accessibility-eye/,10.5281/zenodo.20118267,CC-BY-NC-ND-4.0,0009-0006-3773-7796
AUG-0160,accountability-anchor,The Accountability Anchor,The Accountability Anchor,,,https://andreasehstandlicenseofclarityloc.github.io/augmanitai-stage-0/atlas/accountability-anchor/,10.5281/zenodo.20118267,CC-BY-NC-ND-4.0,0009-0006-3773-7796
AUG-0958,accountability-chain,The Accountability Chain,The Accountability Chain,,,https://andreasehstandlicenseofclarityloc.github.io/augmanitai-stage-0/atlas/accountability-chain/,10.5281/zenodo.20118267,CC-BY-NC-ND-4.0,0009-0006-3773-7796
AUG-0391,accuracy-checker,The Accuracy Checker,The Accuracy Checker,,,https://andreasehstandlicenseofclarityloc.github.io/augmanitai-stage-0/atlas/accuracy-checker/,10.5281/zenodo.20118267,CC-BY-NC-ND-4.0,0009-0006-3773-7796
AUG-0269,action-toggle,The Action Toggle,The Action Toggle,,,https://andreasehstandlicenseofclarityloc.github.io/augmanitai-stage-0/atlas/action-toggle/,10.5281/zenodo.20118267,CC-BY-NC-ND-4.0,0009-0006-3773-7796
AUG-STAGE0-activation-affect-phenomenon,activation-affect-phenomenon,Activation-Affect Phenomenon,Adrenalin-Gefühl,,,https://andreasehstandlicenseofclarityloc.github.io/augmanitai-stage-0/atlas/activation-affect-phenomenon/,10.5281/zenodo.20118267,CC-BY-NC-ND-4.0,0009-0006-3773-7796
AUG-0935,adaptive-extension,The Adaptive Extension,The Adaptive Extension,,,https://andreasehstandlicenseofclarityloc.github.io/augmanitai-stage-0/atlas/adaptive-extension/,10.5281/zenodo.20118267,CC-BY-NC-ND-4.0,0009-0006-3773-7796
AUG-0099,adoption-window,The Adoption Window,The Adoption Window,,,https://andreasehstandlicenseofclarityloc.github.io/augmanitai-stage-0/atlas/adoption-window/,10.5281/zenodo.20118267,CC-BY-NC-ND-4.0,0009-0006-3773-7796
AUG-0770,age-appropriate-use,The Age-Appropriate Use,The Age-Appropriate Use,,,https://andreasehstandlicenseofclarityloc.github.io/augmanitai-stage-0/atlas/age-appropriate-use/,10.5281/zenodo.20118267,CC-BY-NC-ND-4.0,0009-0006-3773-7796
AUG-0751,age-competence-assumption,The Age-Competence Assumption,The Age-Competence Assumption,,,https://andreasehstandlicenseofclarityloc.github.io/augmanitai-stage-0/atlas/age-competence-assumption/,10.5281/zenodo.20118267,CC-BY-NC-ND-4.0,0009-0006-3773-7796
AUG-0897,agent-boundary,The Agent Boundary,The Agent Boundary,,,https://andreasehstandlicenseofclarityloc.github.io/augmanitai-stage-0/atlas/agent-boundary/,10.5281/zenodo.20118267,CC-BY-NC-ND-4.0,0009-0006-3773-7796
AUG-0864,agent-configuration,The Agent Configuration,The Agent Configuration,,,https://andreasehstandlicenseofclarityloc.github.io/augmanitai-stage-0/atlas/agent-configuration/,10.5281/zenodo.20118267,CC-BY-NC-ND-4.0,0009-0006-3773-7796
AUG-0892,agent-conflict,The Agent Conflict,The Agent Conflict,,,https://andreasehstandlicenseofclarityloc.github.io/augmanitai-stage-0/atlas/agent-conflict/,10.5281/zenodo.20118267,CC-BY-NC-ND-4.0,0009-0006-3773-7796
AUG-0889,agent-ensemble,The Agent Ensemble,The Agent Ensemble,,,https://andreasehstandlicenseofclarityloc.github.io/augmanitai-stage-0/atlas/agent-ensemble/,10.5281/zenodo.20118267,CC-BY-NC-ND-4.0,0009-0006-3773-7796
AUG-0859,agent-handshake,The Agent Handshake,The Agent Handshake,,,https://andreasehstandlicenseofclarityloc.github.io/augmanitai-stage-0/atlas/agent-handshake/,10.5281/zenodo.20118267,CC-BY-NC-ND-4.0,0009-0006-3773-7796
AUG-0880,agent-identity,The Agent Identity,The Agent Identity,,,https://andreasehstandlicenseofclarityloc.github.io/augmanitai-stage-0/atlas/agent-identity/,10.5281/zenodo.20118267,CC-BY-NC-ND-4.0,0009-0006-3773-7796
AUG-0985,agent-literacy,The Agent Literacy,The Agent Literacy,,,https://andreasehstandlicenseofclarityloc.github.io/augmanitai-stage-0/atlas/agent-literacy/,10.5281/zenodo.20118267,CC-BY-NC-ND-4.0,0009-0006-3773-7796
AUG-0986,agent-management-craft,The Agent Management Craft,The Agent Management Craft,,,https://andreasehstandlicenseofclarityloc.github.io/augmanitai-stage-0/atlas/agent-management-craft/,10.5281/zenodo.20118267,CC-BY-NC-ND-4.0,0009-0006-3773-7796
AUG-0841,agreement-question,The Agreement Question,The Agreement Question,,,https://andreasehstandlicenseofclarityloc.github.io/augmanitai-stage-0/atlas/agreement-question/,10.5281/zenodo.20118267,CC-BY-NC-ND-4.0,0009-0006-3773-7796
AUG-0929,agricultural-bot,The Agricultural Bot,The Agricultural Bot,,,https://andreasehstandlicenseofclarityloc.github.io/augmanitai-stage-0/atlas/agricultural-bot/,10.5281/zenodo.20118267,CC-BY-NC-ND-4.0,0009-0006-3773-7796
AUG-0186,aha-click,The Aha Click,The Aha Click,,,https://andreasehstandlicenseofclarityloc.github.io/augmanitai-stage-0/atlas/aha-click/,10.5281/zenodo.20118267,CC-BY-NC-ND-4.0,0009-0006-3773-7796
AUG-0631,algorithm-god,The Algorithm God,The Algorithm God,,,https://andreasehstandlicenseofclarityloc.github.io/augmanitai-stage-0/atlas/algorithm-god/,10.5281/zenodo.20118267,CC-BY-NC-ND-4.0,0009-0006-3773-7796
AUG-0589,algorithm-whisperer,The Algorithm Whisperer,The Algorithm Whisperer,,,https://andreasehstandlicenseofclarityloc.github.io/augmanitai-stage-0/atlas/algorithm-whisperer/,10.5281/zenodo.20118267,CC-BY-NC-ND-4.0,0009-0006-3773-7796
AUG-0843,algorithmic-fairness,The Algorithmic Fairness,The Algorithmic Fairness,,,https://andreasehstandlicenseofclarityloc.github.io/augmanitai-stage-0/atlas/algorithmic-fairness/,10.5281/zenodo.20118267,CC-BY-NC-ND-4.0,0009-0006-3773-7796
AUG-0230,algorithmic-filter,The Algorithmic Filter,The Algorithmic Filter,,,https://andreasehstandlicenseofclarityloc.github.io/augmanitai-stage-0/atlas/algorithmic-filter/,10.5281/zenodo.20118267,CC-BY-NC-ND-4.0,0009-0006-3773-7796
AUG-0742,alternative-adoption-path,The Alternative Adoption Path,The Alternative Adoption Path,,,https://andreasehstandlicenseofclarityloc.github.io/augmanitai-stage-0/atlas/alternative-adoption-path/,10.5281/zenodo.20118267,CC-BY-NC-ND-4.0,0009-0006-3773-7796
AUG-0937,ambient-intelligence,The Ambient Intelligence,The Ambient Intelligence,,,https://andreasehstandlicenseofclarityloc.github.io/augmanitai-stage-0/atlas/ambient-intelligence/,10.5281/zenodo.20118267,CC-BY-NC-ND-4.0,0009-0006-3773-7796
AUG-0253,ambient-related-effect,Ambient-Related Effect,Quiet Co-Pilot,,,https://andreasehstandlicenseofclarityloc.github.io/augmanitai-stage-0/atlas/ambient-related-effect/,10.5281/zenodo.20118267,CC-BY-NC-ND-4.0,0009-0006-3773-7796
AUG-0143,ambient-thinking-support,Ambient Thinking Support,Ambient Thinking Support,,,https://andreasehstandlicenseofclarityloc.github.io/augmanitai-stage-0/atlas/ambient-thinking-support/,10.5281/zenodo.20118267,CC-BY-NC-ND-4.0,0009-0006-3773-7796
AUG-0424,ancestry-link,The Ancestry Link,The Ancestry Link,,,https://andreasehstandlicenseofclarityloc.github.io/augmanitai-stage-0/atlas/ancestry-link/,10.5281/zenodo.20118267,CC-BY-NC-ND-4.0,0009-0006-3773-7796
AUG-STAGE0-anthropomorphic-bond-formation,anthropomorphic-bond-formation,Anthropomorphic Bond Formation,Anthropomorphe Bindungsbildung,,,https://andreasehstandlicenseofclarityloc.github.io/augmanitai-stage-0/atlas/anthropomorphic-bond-formation/,10.5281/zenodo.20118267,CC-BY-NC-ND-4.0,0009-0006-3773-7796
AUG-0854,anti-instrumentalization-principle,The Anti-Instrumentalization Principle,The Anti-Instrumentalization Principle,,,https://andreasehstandlicenseofclarityloc.github.io/augmanitai-stage-0/atlas/anti-instrumentalization-principle/,10.5281/zenodo.20118267,CC-BY-NC-ND-4.0,0009-0006-3773-7796
AUG-0286,applause-gap,The Applause Gap,The Applause Gap,,,https://andreasehstandlicenseofclarityloc.github.io/augmanitai-stage-0/atlas/applause-gap/,10.5281/zenodo.20118267,CC-BY-NC-ND-4.0,0009-0006-3773-7796
AUG-0761,apprentice-paradox,The Apprentice Paradox,The Apprentice Paradox,,,https://andreasehstandlicenseofclarityloc.github.io/augmanitai-stage-0/atlas/apprentice-paradox/,10.5281/zenodo.20118267,CC-BY-NC-ND-4.0,0009-0006-3773-7796
AUG-0895,arbiter-role,The Arbiter Role,The Arbiter Role,,,https://andreasehstandlicenseofclarityloc.github.io/augmanitai-stage-0/atlas/arbiter-role/,10.5281/zenodo.20118267,CC-BY-NC-ND-4.0,0009-0006-3773-7796
AUG-0382,architect-s-exit,The Architect's Exit,The Architect's Exit,,,https://andreasehstandlicenseofclarityloc.github.io/augmanitai-stage-0/atlas/architect-s-exit/,10.5281/zenodo.20118267,CC-BY-NC-ND-4.0,0009-0006-3773-7796
AUG-0382,architects-exit,The Architects Exit,Architect's Exit,,,https://andreasehstandlicenseofclarityloc.github.io/augmanitai-stage-0/atlas/architects-exit/,10.5281/zenodo.20118267,CC-BY-NC-ND-4.0,0009-0006-3773-7796
AUG-0638,archive-pause,The Archive Pause,The Archive Pause,,,https://andreasehstandlicenseofclarityloc.github.io/augmanitai-stage-0/atlas/archive-pause/,10.5281/zenodo.20118267,CC-BY-NC-ND-4.0,0009-0006-3773-7796
AUG-0488,argument-fact,The Argument Fact,The Argument Fact,,,https://andreasehstandlicenseofclarityloc.github.io/augmanitai-stage-0/atlas/argument-fact/,10.5281/zenodo.20118267,CC-BY-NC-ND-4.0,0009-0006-3773-7796
AUG-0296,argument-prep,The Argument Prep,The Argument Prep,,,https://andreasehstandlicenseofclarityloc.github.io/augmanitai-stage-0/atlas/argument-prep/,10.5281/zenodo.20118267,CC-BY-NC-ND-4.0,0009-0006-3773-7796
AUG-0156,articulation-unlock,The Articulation Unlock,The Articulation Unlock,,,https://andreasehstandlicenseofclarityloc.github.io/augmanitai-stage-0/atlas/articulation-unlock/,10.5281/zenodo.20118267,CC-BY-NC-ND-4.0,0009-0006-3773-7796
AUG-0450,artist-awareness,The Artist Awareness,The Artist Awareness,,,https://andreasehstandlicenseofclarityloc.github.io/augmanitai-stage-0/atlas/artist-awareness/,10.5281/zenodo.20118267,CC-BY-NC-ND-4.0,0009-0006-3773-7796
AUG-0326,assembly-pride,The Assembly Pride,The Assembly Pride,,,https://andreasehstandlicenseofclarityloc.github.io/augmanitai-stage-0/atlas/assembly-pride/,10.5281/zenodo.20118267,CC-BY-NC-ND-4.0,0009-0006-3773-7796
AUG-0780,assessment-challenge,The Assessment Challenge,The Assessment Challenge,,,https://andreasehstandlicenseofclarityloc.github.io/augmanitai-stage-0/atlas/assessment-challenge/,10.5281/zenodo.20118267,CC-BY-NC-ND-4.0,0009-0006-3773-7796
AUG-0783,assessment-shift,The Assessment Shift,The Assessment Shift,,,https://andreasehstandlicenseofclarityloc.github.io/augmanitai-stage-0/atlas/assessment-shift/,10.5281/zenodo.20118267,CC-BY-NC-ND-4.0,0009-0006-3773-7796
AUG-0926,assistance-companion,The Assistance Companion,The Assistance Companion,,,https://andreasehstandlicenseofclarityloc.github.io/augmanitai-stage-0/atlas/assistance-companion/,10.5281/zenodo.20118267,CC-BY-NC-ND-4.0,0009-0006-3773-7796
AUG-0354,assumption-hunter,The Assumption Hunter,The Assumption Hunter,,,https://andreasehstandlicenseofclarityloc.github.io/augmanitai-stage-0/atlas/assumption-hunter/,10.5281/zenodo.20118267,CC-BY-NC-ND-4.0,0009-0006-3773-7796
AUG-0541,attention-fracture,The Attention Fracture,The Attention Fracture,,,https://andreasehstandlicenseofclarityloc.github.io/augmanitai-stage-0/atlas/attention-fracture/,10.5281/zenodo.20118267,CC-BY-NC-ND-4.0,0009-0006-3773-7796
AUG-0979,attribution-pattern,The Attribution Pattern,The Attribution Pattern,,,https://andreasehstandlicenseofclarityloc.github.io/augmanitai-stage-0/atlas/attribution-pattern/,10.5281/zenodo.20118267,CC-BY-NC-ND-4.0,0009-0006-3773-7796
AUG-STAGE0-attune-moment-dynamic,attune-moment-dynamic,Attune-Moment Dynamic,Abstimmungs-Moment,,,https://andreasehstandlicenseofclarityloc.github.io/augmanitai-stage-0/atlas/attune-moment-dynamic/,10.5281/zenodo.20118267,CC-BY-NC-ND-4.0,0009-0006-3773-7796
AUG-STAGE0-attune-moment,attune-moment,Attune Moment,Abstimmungs-Moment,,,https://andreasehstandlicenseofclarityloc.github.io/augmanitai-stage-0/atlas/attune-moment/,10.5281/zenodo.20118267,CC-BY-NC-ND-4.0,0009-0006-3773-7796
AUG-0148,augmanitai-manifesto,The Augmanitai Manifesto,The Augmanitai Manifesto,,,https://andreasehstandlicenseofclarityloc.github.io/augmanitai-stage-0/atlas/augmanitai-manifesto/,10.5281/zenodo.20118267,CC-BY-NC-ND-4.0,0009-0006-3773-7796
AUG-0001,augmanitai,Augmanitai,Augmanitai,,,https://andreasehstandlicenseofclarityloc.github.io/augmanitai-stage-0/atlas/augmanitai/,10.5281/zenodo.20118267,CC-BY-NC-ND-4.0,0009-0006-3773-7796
AUG-0331,augmanity,The Augmanity,The Augmanity,,,https://andreasehstandlicenseofclarityloc.github.io/augmanitai-stage-0/atlas/augmanity/,10.5281/zenodo.20118267,CC-BY-NC-ND-4.0,0009-0006-3773-7796
AUG-0111,augmentation-gap,The Augmentation Gap,The Augmentation Gap,,,https://andreasehstandlicenseofclarityloc.github.io/augmanitai-stage-0/atlas/augmentation-gap/,10.5281/zenodo.20118267,CC-BY-NC-ND-4.0,0009-0006-3773-7796
AUG-0983,augmentation-hypothesis,The Augmentation Hypothesis,The Augmentation Hypothesis,,,https://andreasehstandlicenseofclarityloc.github.io/augmanitai-stage-0/atlas/augmentation-hypothesis/,10.5281/zenodo.20118267,CC-BY-NC-ND-4.0,0009-0006-3773-7796
AUG-0013,augmented-diplomat,Augmented Diplomat,Augmented Diplomat,,,https://andreasehstandlicenseofclarityloc.github.io/augmanitai-stage-0/atlas/augmented-diplomat/,10.5281/zenodo.20118267,CC-BY-NC-ND-4.0,0009-0006-3773-7796
AUG-0561,authority-lean,The Authority Lean,The Authority Lean,,,https://andreasehstandlicenseofclarityloc.github.io/augmanitai-stage-0/atlas/authority-lean/,10.5281/zenodo.20118267,CC-BY-NC-ND-4.0,0009-0006-3773-7796
AUG-0208,authority-question,The Authority Question,The Authority Question,,,https://andreasehstandlicenseofclarityloc.github.io/augmanitai-stage-0/atlas/authority-question/,10.5281/zenodo.20118267,CC-BY-NC-ND-4.0,0009-0006-3773-7796
AUG-0549,authorship-blur,The Authorship Blur,The Authorship Blur,,,https://andreasehstandlicenseofclarityloc.github.io/augmanitai-stage-0/atlas/authorship-blur/,10.5281/zenodo.20118267,CC-BY-NC-ND-4.0,0009-0006-3773-7796
AUG-0272,authorship-suspicion,The Authorship Suspicion,The Authorship Suspicion,,,https://andreasehstandlicenseofclarityloc.github.io/augmanitai-stage-0/atlas/authorship-suspicion/,10.5281/zenodo.20118267,CC-BY-NC-ND-4.0,0009-0006-3773-7796
AUG-0832,automation-perimeter,The Automation Perimeter,The Automation Perimeter,,,https://andreasehstandlicenseofclarityloc.github.io/augmanitai-stage-0/atlas/automation-perimeter/,10.5281/zenodo.20118267,CC-BY-NC-ND-4.0,0009-0006-3773-7796
AUG-0944,autonomy-ladder,The Autonomy Ladder,The Autonomy Ladder,,,https://andreasehstandlicenseofclarityloc.github.io/augmanitai-stage-0/atlas/autonomy-ladder/,10.5281/zenodo.20118267,CC-BY-NC-ND-4.0,0009-0006-3773-7796
AUG-0515,babel-break,The Babel Break,The Babel Break,,,https://andreasehstandlicenseofclarityloc.github.io/augmanitai-stage-0/atlas/babel-break/,10.5281/zenodo.20118267,CC-BY-NC-ND-4.0,0009-0006-3773-7796
AUG-0415,background-advisor,The Background Advisor,The Background Advisor,,,https://andreasehstandlicenseofclarityloc.github.io/augmanitai-stage-0/atlas/background-advisor/,10.5281/zenodo.20118267,CC-BY-NC-ND-4.0,0009-0006-3773-7796
AUG-0510,baker-puzzle,The Baker Puzzle,The Baker Puzzle,,,https://andreasehstandlicenseofclarityloc.github.io/augmanitai-stage-0/atlas/baker-puzzle/,10.5281/zenodo.20118267,CC-BY-NC-ND-4.0,0009-0006-3773-7796
AUG-0565,balance-filter,The Balance Filter,The Balance Filter,,,https://andreasehstandlicenseofclarityloc.github.io/augmanitai-stage-0/atlas/balance-filter/,10.5281/zenodo.20118267,CC-BY-NC-ND-4.0,0009-0006-3773-7796
AUG-0887,batch-delegation,The Batch Delegation,The Batch Delegation,,,https://andreasehstandlicenseofclarityloc.github.io/augmanitai-stage-0/atlas/batch-delegation/,10.5281/zenodo.20118267,CC-BY-NC-ND-4.0,0009-0006-3773-7796
AUG-STAGE0-behavioral-avoidance-response,behavioral-avoidance-response,Behavioral-Avoidance Response,Bewegungs-Vermeidung,,,https://andreasehstandlicenseofclarityloc.github.io/augmanitai-stage-0/atlas/behavioral-avoidance-response/,10.5281/zenodo.20118267,CC-BY-NC-ND-4.0,0009-0006-3773-7796
AUG-STAGE0-belong-residual-effect,belong-residual-effect,Belong-Residual Effect,Zugehörigkeits-Weh,,,https://andreasehstandlicenseofclarityloc.github.io/augmanitai-stage-0/atlas/belong-residual-effect/,10.5281/zenodo.20118267,CC-BY-NC-ND-4.0,0009-0006-3773-7796
AUG-0495,beta-courage,The Beta Courage,The Beta Courage,,,https://andreasehstandlicenseofclarityloc.github.io/augmanitai-stage-0/atlas/beta-courage/,10.5281/zenodo.20118267,CC-BY-NC-ND-4.0,0009-0006-3773-7796
AUG-0514,beta-reader,The Beta Reader,The Beta Reader,,,https://andreasehstandlicenseofclarityloc.github.io/augmanitai-stage-0/atlas/beta-reader/,10.5281/zenodo.20118267,CC-BY-NC-ND-4.0,0009-0006-3773-7796
AUG-0708,bilingual-dynamic,The Bilingual Dynamic,The Bilingual Dynamic,,,https://andreasehstandlicenseofclarityloc.github.io/augmanitai-stage-0/atlas/bilingual-dynamic/,10.5281/zenodo.20118267,CC-BY-NC-ND-4.0,0009-0006-3773-7796
AUG-0332,blank-page-start,The Blank Page Start,The Blank Page Start,,,https://andreasehstandlicenseofclarityloc.github.io/augmanitai-stage-0/atlas/blank-page-start/,10.5281/zenodo.20118267,CC-BY-NC-ND-4.0,0009-0006-3773-7796
AUG-0007,blending-effect,The Blending Effect,The Blending Effect,,,https://andreasehstandlicenseofclarityloc.github.io/augmanitai-stage-0/atlas/blending-effect/,10.5281/zenodo.20118267,CC-BY-NC-ND-4.0,0009-0006-3773-7796
AUG-0302,blue-collar-bypass,The Blue Collar Bypass,The Blue Collar Bypass,,,https://andreasehstandlicenseofclarityloc.github.io/augmanitai-stage-0/atlas/blue-collar-bypass/,10.5281/zenodo.20118267,CC-BY-NC-ND-4.0,0009-0006-3773-7796
AUG-0473,book-condenser,The Book Condenser,The Book Condenser,,,https://andreasehstandlicenseofclarityloc.github.io/augmanitai-stage-0/atlas/book-condenser/,10.5281/zenodo.20118267,CC-BY-NC-ND-4.0,0009-0006-3773-7796
AUG-0166,borrowed-confidence,The Borrowed Confidence,The Borrowed Confidence,,,https://andreasehstandlicenseofclarityloc.github.io/augmanitai-stage-0/atlas/borrowed-confidence/,10.5281/zenodo.20118267,CC-BY-NC-ND-4.0,0009-0006-3773-7796
AUG-0526,borrowed-crown,The Borrowed Crown,The Borrowed Crown,,,https://andreasehstandlicenseofclarityloc.github.io/augmanitai-stage-0/atlas/borrowed-crown/,10.5281/zenodo.20118267,CC-BY-NC-ND-4.0,0009-0006-3773-7796
AUG-0199,both-and,The Both-And,The Both-And,,,https://andreasehstandlicenseofclarityloc.github.io/augmanitai-stage-0/atlas/both-and/,10.5281/zenodo.20118267,CC-BY-NC-ND-4.0,0009-0006-3773-7796
AUG-0729,bound-data-effect,Bound-Data Effect,Corporate Lock-In,,,https://andreasehstandlicenseofclarityloc.github.io/augmanitai-stage-0/atlas/bound-data-effect/,10.5281/zenodo.20118267,CC-BY-NC-ND-4.0,0009-0006-3773-7796
AUG-0766,boundary-systems-effect,Boundary-Systems Effect,Early-Age Encounter,,,https://andreasehstandlicenseofclarityloc.github.io/augmanitai-stage-0/atlas/boundary-systems-effect/,10.5281/zenodo.20118267,CC-BY-NC-ND-4.0,0009-0006-3773-7796
AUG-0438,brain-gallop,The Brain Gallop,The Brain Gallop,,,https://andreasehstandlicenseofclarityloc.github.io/augmanitai-stage-0/atlas/brain-gallop/,10.5281/zenodo.20118267,CC-BY-NC-ND-4.0,0009-0006-3773-7796
AUG-0235,brainstorm-spark,The Brainstorm Spark,The Brainstorm Spark,,,https://andreasehstandlicenseofclarityloc.github.io/augmanitai-stage-0/atlas/brainstorm-spark/,10.5281/zenodo.20118267,CC-BY-NC-ND-4.0,0009-0006-3773-7796
AUG-0509,brave-ask,The Brave Ask,The Brave Ask,,,https://andreasehstandlicenseofclarityloc.github.io/augmanitai-stage-0/atlas/brave-ask/,10.5281/zenodo.20118267,CC-BY-NC-ND-4.0,0009-0006-3773-7796
AUG-STAGE0-break-resist,break-resist,Break Resist,Pausen-Widerstand,,,https://andreasehstandlicenseofclarityloc.github.io/augmanitai-stage-0/atlas/break-resist/,10.5281/zenodo.20118267,CC-BY-NC-ND-4.0,0009-0006-3773-7796
AUG-0209,breakthrough-fewer-effect,Breakthrough-Fewer Effect,Late-Night Architect,,,https://andreasehstandlicenseofclarityloc.github.io/augmanitai-stage-0/atlas/breakthrough-fewer-effect/,10.5281/zenodo.20118267,CC-BY-NC-ND-4.0,0009-0006-3773-7796
AUG-STAGE0-breath-pattern-alteration,breath-pattern-alteration,Breath Pattern Alteration,Atemmuster-Veränderung,,,https://andreasehstandlicenseofclarityloc.github.io/augmanitai-stage-0/atlas/breath-pattern-alteration/,10.5281/zenodo.20118267,CC-BY-NC-ND-4.0,0009-0006-3773-7796
AUG-STAGE0-breath-shallow,breath-shallow,Breath Shallow,Atem-Flach,,,https://andreasehstandlicenseofclarityloc.github.io/augmanitai-stage-0/atlas/breath-shallow/,10.5281/zenodo.20118267,CC-BY-NC-ND-4.0,0009-0006-3773-7796
AUG-0010,bridge-species,Bridge Species,Bridge Species,,,https://andreasehstandlicenseofclarityloc.github.io/augmanitai-stage-0/atlas/bridge-species/,10.5281/zenodo.20118267,CC-BY-NC-ND-4.0,0009-0006-3773-7796
AUG-0024,built-in-compass,The Built-In Compass,The Built-In Compass,,,https://andreasehstandlicenseofclarityloc.github.io/augmanitai-stage-0/atlas/built-in-compass/,10.5281/zenodo.20118267,CC-BY-NC-ND-4.0,0009-0006-3773-7796
AUG-0333,bureaucracy-hug,The Bureaucracy Hug,The Bureaucracy Hug,,,https://andreasehstandlicenseofclarityloc.github.io/augmanitai-stage-0/atlas/bureaucracy-hug/,10.5281/zenodo.20118267,CC-BY-NC-ND-4.0,0009-0006-3773-7796
AUG-STAGE0-calm-come,calm-come,Calm Come,Ruhe-Kommen,,,https://andreasehstandlicenseofclarityloc.github.io/augmanitai-stage-0/atlas/calm-come/,10.5281/zenodo.20118267,CC-BY-NC-ND-4.0,0009-0006-3773-7796
AUG-0116,candor-protocol,The Candor Protocol,The Candor Protocol,,,https://andreasehstandlicenseofclarityloc.github.io/augmanitai-stage-0/atlas/candor-protocol/,10.5281/zenodo.20118267,CC-BY-NC-ND-4.0,0009-0006-3773-7796
AUG-0176,capability-discovery,The Capability Discovery,The Capability Discovery,,,https://andreasehstandlicenseofclarityloc.github.io/augmanitai-stage-0/atlas/capability-discovery/,10.5281/zenodo.20118267,CC-BY-NC-ND-4.0,0009-0006-3773-7796
AUG-0516,capability-finder,The Capability Finder,The Capability Finder,,,https://andreasehstandlicenseofclarityloc.github.io/augmanitai-stage-0/atlas/capability-finder/,10.5281/zenodo.20118267,CC-BY-NC-ND-4.0,0009-0006-3773-7796
AUG-0028,capture-reflex,Capture Reflex,Capture Reflex,,,https://andreasehstandlicenseofclarityloc.github.io/augmanitai-stage-0/atlas/capture-reflex/,10.5281/zenodo.20118267,CC-BY-NC-ND-4.0,0009-0006-3773-7796
AUG-0805,career-guidance-engine,The Career Guidance Engine,The Career Guidance Engine,,,https://andreasehstandlicenseofclarityloc.github.io/augmanitai-stage-0/atlas/career-guidance-engine/,10.5281/zenodo.20118267,CC-BY-NC-ND-4.0,0009-0006-3773-7796
AUG-0550,careful-tester,The Careful Tester,The Careful Tester,,,https://andreasehstandlicenseofclarityloc.github.io/augmanitai-stage-0/atlas/careful-tester/,10.5281/zenodo.20118267,CC-BY-NC-ND-4.0,0009-0006-3773-7796
AUG-0196,catalyst-senses-effect,Catalyst-Senses Effect,Catalyst-Senses-Effekt-Dynamik,,,https://andreasehstandlicenseofclarityloc.github.io/augmanitai-stage-0/atlas/catalyst-senses-effect/,10.5281/zenodo.20118267,CC-BY-NC-ND-4.0,0009-0006-3773-7796
AUG-0733,censorship-wall,The Censorship Wall,The Censorship Wall,,,https://andreasehstandlicenseofclarityloc.github.io/augmanitai-stage-0/atlas/censorship-wall/,10.5281/zenodo.20118267,CC-BY-NC-ND-4.0,0009-0006-3773-7796
AUG-0961,certification-standard,The Certification Standard,The Certification Standard,,,https://andreasehstandlicenseofclarityloc.github.io/augmanitai-stage-0/atlas/certification-standard/,10.5281/zenodo.20118267,CC-BY-NC-ND-4.0,0009-0006-3773-7796
AUG-0759,challenge-work-effect,Challenge-Work Effect,Established-Career Verschiebung,,,https://andreasehstandlicenseofclarityloc.github.io/augmanitai-stage-0/atlas/challenge-work-effect/,10.5281/zenodo.20118267,CC-BY-NC-ND-4.0,0009-0006-3773-7796
AUG-0717,character-density,The Character Density,The Character Density,,,https://andreasehstandlicenseofclarityloc.github.io/augmanitai-stage-0/atlas/character-density/,10.5281/zenodo.20118267,CC-BY-NC-ND-4.0,0009-0006-3773-7796
AUG-0869,checkpoint-protocol,The Checkpoint Protocol,The Checkpoint Protocol,,,https://andreasehstandlicenseofclarityloc.github.io/augmanitai-stage-0/atlas/checkpoint-protocol/,10.5281/zenodo.20118267,CC-BY-NC-ND-4.0,0009-0006-3773-7796
AUG-0303,childs-first-prompt,The Childs First Prompt,Child's First Prompt,,,https://andreasehstandlicenseofclarityloc.github.io/augmanitai-stage-0/atlas/childs-first-prompt/,10.5281/zenodo.20118267,CC-BY-NC-ND-4.0,0009-0006-3773-7796
AUG-0356,chore-gamify,The Chore Gamify,The Chore Gamify,,,https://andreasehstandlicenseofclarityloc.github.io/augmanitai-stage-0/atlas/chore-gamify/,10.5281/zenodo.20118267,CC-BY-NC-ND-4.0,0009-0006-3773-7796
AUG-0048,chronometric-gap,Chronometric Gap,Chronometric Gap,,,https://andreasehstandlicenseofclarityloc.github.io/augmanitai-stage-0/atlas/chronometric-gap/,10.5281/zenodo.20118267,CC-BY-NC-ND-4.0,0009-0006-3773-7796
AUG-STAGE0-circadian-disruption-pattern,circadian-disruption-pattern,The Circadian Disruption Pattern,Zirkadiane Stoerungsmuster,,,https://andreasehstandlicenseofclarityloc.github.io/augmanitai-stage-0/atlas/circadian-disruption-pattern/,10.5281/zenodo.20118267,CC-BY-NC-ND-4.0,0009-0006-3773-7796
AUG-STAGE0-circulation-feel,circulation-feel,Circulation Feel,Zirkulations-Gefühl,,,https://andreasehstandlicenseofclarityloc.github.io/augmanitai-stage-0/atlas/circulation-feel/,10.5281/zenodo.20118267,CC-BY-NC-ND-4.0,0009-0006-3773-7796
AUG-0790,citation-challenge,The Citation Challenge,The Citation Challenge,,,https://andreasehstandlicenseofclarityloc.github.io/augmanitai-stage-0/atlas/citation-challenge/,10.5281/zenodo.20118267,CC-BY-NC-ND-4.0,0009-0006-3773-7796
AUG-0854,civilian-instrumental-effect,Civilian-Instrumental Effect,Anti-Instrumentalization Principle,,,https://andreasehstandlicenseofclarityloc.github.io/augmanitai-stage-0/atlas/civilian-instrumental-effect/,10.5281/zenodo.20118267,CC-BY-NC-ND-4.0,0009-0006-3773-7796
AUG-0855,civilian-use-boundary,The Civilian-Use Boundary,The Civilian-Use Boundary,,,https://andreasehstandlicenseofclarityloc.github.io/augmanitai-stage-0/atlas/civilian-use-boundary/,10.5281/zenodo.20118267,CC-BY-NC-ND-4.0,0009-0006-3773-7796
AUG-0306,class-divide-prompt,The Class Divide Prompt,The Class Divide Prompt,,,https://andreasehstandlicenseofclarityloc.github.io/augmanitai-stage-0/atlas/class-divide-prompt/,10.5281/zenodo.20118267,CC-BY-NC-ND-4.0,0009-0006-3773-7796
AUG-0172,clean-handover,The Clean Handover,The Clean Handover,,,https://andreasehstandlicenseofclarityloc.github.io/augmanitai-stage-0/atlas/clean-handover/,10.5281/zenodo.20118267,CC-BY-NC-ND-4.0,0009-0006-3773-7796
AUG-0746,climate-cost-awareness,The Climate Cost Awareness,The Climate Cost Awareness,,,https://andreasehstandlicenseofclarityloc.github.io/augmanitai-stage-0/atlas/climate-cost-awareness/,10.5281/zenodo.20118267,CC-BY-NC-ND-4.0,0009-0006-3773-7796
AUG-0529,closeness-bridge,The Closeness Bridge,The Closeness Bridge,,,https://andreasehstandlicenseofclarityloc.github.io/augmanitai-stage-0/atlas/closeness-bridge/,10.5281/zenodo.20118267,CC-BY-NC-ND-4.0,0009-0006-3773-7796
AUG-0299,closing-routine,The Closing Routine,The Closing Routine,,,https://andreasehstandlicenseofclarityloc.github.io/augmanitai-stage-0/atlas/closing-routine/,10.5281/zenodo.20118267,CC-BY-NC-ND-4.0,0009-0006-3773-7796
AUG-0602,closing-spark,The Closing Spark,The Closing Spark,,,https://andreasehstandlicenseofclarityloc.github.io/augmanitai-stage-0/atlas/closing-spark/,10.5281/zenodo.20118267,CC-BY-NC-ND-4.0,0009-0006-3773-7796
AUG-0442,cloud-amnesia,The Cloud Amnesia,The Cloud Amnesia,,,https://andreasehstandlicenseofclarityloc.github.io/augmanitai-stage-0/atlas/cloud-amnesia/,10.5281/zenodo.20118267,CC-BY-NC-ND-4.0,0009-0006-3773-7796
AUG-0693,code-mesh-output,The Code-Mesh Output,The Code-Mesh Output,,,https://andreasehstandlicenseofclarityloc.github.io/augmanitai-stage-0/atlas/code-mesh-output/,10.5281/zenodo.20118267,CC-BY-NC-ND-4.0,0009-0006-3773-7796
AUG-0396,code-pause,The Code Pause,The Code Pause,,,https://andreasehstandlicenseofclarityloc.github.io/augmanitai-stage-0/atlas/code-pause/,10.5281/zenodo.20118267,CC-BY-NC-ND-4.0,0009-0006-3773-7796
AUG-0858,coexistence-question,The Coexistence Question,The Coexistence Question,,,https://andreasehstandlicenseofclarityloc.github.io/augmanitai-stage-0/atlas/coexistence-question/,10.5281/zenodo.20118267,CC-BY-NC-ND-4.0,0009-0006-3773-7796
AUG-STAGE0-cognitive-load-emergence-mechanism,cognitive-load-emergence-mechanism,Cognitive-Load-Emergence Mechanism,Kopfschmerz-Kommen,,,https://andreasehstandlicenseofclarityloc.github.io/augmanitai-stage-0/atlas/cognitive-load-emergence-mechanism/,10.5281/zenodo.20118267,CC-BY-NC-ND-4.0,0009-0006-3773-7796
AUG-0118,collaborative-intelligence-design,Collaborative Intelligence Design,Collaborative Intelligence Design,,,https://andreasehstandlicenseofclarityloc.github.io/augmanitai-stage-0/atlas/collaborative-intelligence-design/,10.5281/zenodo.20118267,CC-BY-NC-ND-4.0,0009-0006-3773-7796
AUG-0776,collective-negotiation,The Collective Negotiation,The Collective Negotiation,,,https://andreasehstandlicenseofclarityloc.github.io/augmanitai-stage-0/atlas/collective-negotiation/,10.5281/zenodo.20118267,CC-BY-NC-ND-4.0,0009-0006-3773-7796
AUG-STAGE0-comfort-of-consistent-response,comfort-of-consistent-response,The Comfort of Consistent Response,Komfort Konsistenter Antwort,,,https://andreasehstandlicenseofclarityloc.github.io/augmanitai-stage-0/atlas/comfort-of-consistent-response/,10.5281/zenodo.20118267,CC-BY-NC-ND-4.0,0009-0006-3773-7796
AUG-0590,comment-shield,The Comment Shield,The Comment Shield,,,https://andreasehstandlicenseofclarityloc.github.io/augmanitai-stage-0/atlas/comment-shield/,10.5281/zenodo.20118267,CC-BY-NC-ND-4.0,0009-0006-3773-7796
AUG-0912,communication-agent,The Communication Agent,The Communication Agent,,,https://andreasehstandlicenseofclarityloc.github.io/augmanitai-stage-0/atlas/communication-agent/,10.5281/zenodo.20118267,CC-BY-NC-ND-4.0,0009-0006-3773-7796
AUG-0652,communication-style-contrast,The Communication Style Contrast,The Communication Style Contrast,,,https://andreasehstandlicenseofclarityloc.github.io/augmanitai-stage-0/atlas/communication-style-contrast/,10.5281/zenodo.20118267,CC-BY-NC-ND-4.0,0009-0006-3773-7796
AUG-0646,community-framed-input,The Community-Framed Input,The Community-Framed Input,,,https://andreasehstandlicenseofclarityloc.github.io/augmanitai-stage-0/atlas/community-framed-input/,10.5281/zenodo.20118267,CC-BY-NC-ND-4.0,0009-0006-3773-7796
AUG-0727,community-hub,The Community Hub,The Community Hub,,,https://andreasehstandlicenseofclarityloc.github.io/augmanitai-stage-0/atlas/community-hub/,10.5281/zenodo.20118267,CC-BY-NC-ND-4.0,0009-0006-3773-7796
AUG-0981,companion-pattern,The Companion Pattern,The Companion Pattern,,,https://andreasehstandlicenseofclarityloc.github.io/augmanitai-stage-0/atlas/companion-pattern/,10.5281/zenodo.20118267,CC-BY-NC-ND-4.0,0009-0006-3773-7796
AUG-0539,companion-shift,The Companion Shift,The Companion Shift,,,https://andreasehstandlicenseofclarityloc.github.io/augmanitai-stage-0/atlas/companion-shift/,10.5281/zenodo.20118267,CC-BY-NC-ND-4.0,0009-0006-3773-7796
AUG-0752,comparative-der-autor-effect,Comparative-der Autor Effect,Comparative-der Autor-Effekt-Dynamik,,,https://andreasehstandlicenseofclarityloc.github.io/augmanitai-stage-0/atlas/comparative-der-autor-effect/,10.5281/zenodo.20118267,CC-BY-NC-ND-4.0,0009-0006-3773-7796
AUG-0752,comparative-self-assessment-effect,Comparative Self-Assessment Effect,Vergleichender Selbstbewertungseffekt,,,https://andreasehstandlicenseofclarityloc.github.io/augmanitai-stage-0/atlas/comparative-self-assessment-effect/,10.5281/zenodo.20118267,CC-BY-NC-ND-4.0,0009-0006-3773-7796
AUG-0762,competence-reversal-observation,The Competence Reversal Observation,The Competence Reversal Observation,,,https://andreasehstandlicenseofclarityloc.github.io/augmanitai-stage-0/atlas/competence-reversal-observation/,10.5281/zenodo.20118267,CC-BY-NC-ND-4.0,0009-0006-3773-7796
AUG-0157,competence-rush,The Competence Rush,The Competence Rush,,,https://andreasehstandlicenseofclarityloc.github.io/augmanitai-stage-0/atlas/competence-rush/,10.5281/zenodo.20118267,CC-BY-NC-ND-4.0,0009-0006-3773-7796
AUG-0873,completion-signal,The Completion Signal,The Completion Signal,,,https://andreasehstandlicenseofclarityloc.github.io/augmanitai-stage-0/atlas/completion-signal/,10.5281/zenodo.20118267,CC-BY-NC-ND-4.0,0009-0006-3773-7796
AUG-0555,complex-want-effect,Complex-Want Effect,Next-Step Finder,,,https://andreasehstandlicenseofclarityloc.github.io/augmanitai-stage-0/atlas/complex-want-effect/,10.5281/zenodo.20118267,CC-BY-NC-ND-4.0,0009-0006-3773-7796
AUG-0770,complexity-user-effect,Complexity-User Effect,Age-Appropriate Use,,,https://andreasehstandlicenseofclarityloc.github.io/augmanitai-stage-0/atlas/complexity-user-effect/,10.5281/zenodo.20118267,CC-BY-NC-ND-4.0,0009-0006-3773-7796
AUG-0017,concept-cloud,The Concept Cloud,The Concept Cloud,,,https://andreasehstandlicenseofclarityloc.github.io/augmanitai-stage-0/atlas/concept-cloud/,10.5281/zenodo.20118267,CC-BY-NC-ND-4.0,0009-0006-3773-7796
AUG-0169,confidence-articulation-effect,Confidence-Articulation Effect,Second-Language Fluency,,,https://andreasehstandlicenseofclarityloc.github.io/augmanitai-stage-0/atlas/confidence-articulation-effect/,10.5281/zenodo.20118267,CC-BY-NC-ND-4.0,0009-0006-3773-7796
AUG-0453,confidence-borrow,The Confidence Borrow,The Confidence Borrow,,,https://andreasehstandlicenseofclarityloc.github.io/augmanitai-stage-0/atlas/confidence-borrow/,10.5281/zenodo.20118267,CC-BY-NC-ND-4.0,0009-0006-3773-7796
AUG-0502,conflict-script,The Conflict Script,The Conflict Script,,,https://andreasehstandlicenseofclarityloc.github.io/augmanitai-stage-0/atlas/conflict-script/,10.5281/zenodo.20118267,CC-BY-NC-ND-4.0,0009-0006-3773-7796
AUG-0954,congruence-review,The Congruence Review,The Congruence Review,,,https://andreasehstandlicenseofclarityloc.github.io/augmanitai-stage-0/atlas/congruence-review/,10.5281/zenodo.20118267,CC-BY-NC-ND-4.0,0009-0006-3773-7796
AUG-STAGE0-connect-high-signal,connect-high-signal,Connect-High Signal,Verbindungs-Hoch,,,https://andreasehstandlicenseofclarityloc.github.io/augmanitai-stage-0/atlas/connect-high-signal/,10.5281/zenodo.20118267,CC-BY-NC-ND-4.0,0009-0006-3773-7796
AUG-STAGE0-connect-high,connect-high,Connect High,Verbindungs-Hoch,,,https://andreasehstandlicenseofclarityloc.github.io/augmanitai-stage-0/atlas/connect-high/,10.5281/zenodo.20118267,CC-BY-NC-ND-4.0,0009-0006-3773-7796
AUG-0773,conscious-refusal,The Conscious Refusal,The Conscious Refusal,,,https://andreasehstandlicenseofclarityloc.github.io/augmanitai-stage-0/atlas/conscious-refusal/,10.5281/zenodo.20118267,CC-BY-NC-ND-4.0,0009-0006-3773-7796
AUG-0893,consensus-protocol,The Consensus Protocol,The Consensus Protocol,,,https://andreasehstandlicenseofclarityloc.github.io/augmanitai-stage-0/atlas/consensus-protocol/,10.5281/zenodo.20118267,CC-BY-NC-ND-4.0,0009-0006-3773-7796
AUG-0654,consensus-seeker,The Consensus Seeker,The Consensus Seeker,,,https://andreasehstandlicenseofclarityloc.github.io/augmanitai-stage-0/atlas/consensus-seeker/,10.5281/zenodo.20118267,CC-BY-NC-ND-4.0,0009-0006-3773-7796
AUG-0751,consistently-familiarity-effect,Consistently-Familiarity Effect,Age-Competence Assumption,,,https://andreasehstandlicenseofclarityloc.github.io/augmanitai-stage-0/atlas/consistently-familiarity-effect/,10.5281/zenodo.20118267,CC-BY-NC-ND-4.0,0009-0006-3773-7796
AUG-STAGE0-constant-anticipation-marker,constant-anticipation-marker,Constant-Anticipation Marker,Ständige Hoffnung,,,https://andreasehstandlicenseofclarityloc.github.io/augmanitai-stage-0/atlas/constant-anticipation-marker/,10.5281/zenodo.20118267,CC-BY-NC-ND-4.0,0009-0006-3773-7796
AUG-STAGE0-constant-hope,constant-hope,Constant Hope,Ständige Hoffnung,,,https://andreasehstandlicenseofclarityloc.github.io/augmanitai-stage-0/atlas/constant-hope/,10.5281/zenodo.20118267,CC-BY-NC-ND-4.0,0009-0006-3773-7796
AUG-0867,constraint-frame,The Constraint Frame,The Constraint Frame,,,https://andreasehstandlicenseofclarityloc.github.io/augmanitai-stage-0/atlas/constraint-frame/,10.5281/zenodo.20118267,CC-BY-NC-ND-4.0,0009-0006-3773-7796
AUG-0930,construction-assistant,The Construction Assistant,The Construction Assistant,,,https://andreasehstandlicenseofclarityloc.github.io/augmanitai-stage-0/atlas/construction-assistant/,10.5281/zenodo.20118267,CC-BY-NC-ND-4.0,0009-0006-3773-7796
AUG-0592,content-mill,The Content Mill,The Content Mill,,,https://andreasehstandlicenseofclarityloc.github.io/augmanitai-stage-0/atlas/content-mill/,10.5281/zenodo.20118267,CC-BY-NC-ND-4.0,0009-0006-3773-7796
AUG-0680,context-adaptation,The Context Adaptation,The Context Adaptation,,,https://andreasehstandlicenseofclarityloc.github.io/augmanitai-stage-0/atlas/context-adaptation/,10.5281/zenodo.20118267,CC-BY-NC-ND-4.0,0009-0006-3773-7796
AUG-0665,context-boundary-navigator,The Context Boundary Navigator,The Context Boundary Navigator,,,https://andreasehstandlicenseofclarityloc.github.io/augmanitai-stage-0/atlas/context-boundary-navigator/,10.5281/zenodo.20118267,CC-BY-NC-ND-4.0,0009-0006-3773-7796
AUG-STAGE0-context-cling-phenomenon,context-cling-phenomenon,Context-Cling Phenomenon,Kontext-Klammern,,,https://andreasehstandlicenseofclarityloc.github.io/augmanitai-stage-0/atlas/context-cling-phenomenon/,10.5281/zenodo.20118267,CC-BY-NC-ND-4.0,0009-0006-3773-7796
AUG-STAGE0-context-cling,context-cling,Context Cling,Kontext-Klammern,,,https://andreasehstandlicenseofclarityloc.github.io/augmanitai-stage-0/atlas/context-cling/,10.5281/zenodo.20118267,CC-BY-NC-ND-4.0,0009-0006-3773-7796
AUG-0383,context-collapse,The Context Collapse,The Context Collapse,,,https://andreasehstandlicenseofclarityloc.github.io/augmanitai-stage-0/atlas/context-collapse/,10.5281/zenodo.20118267,CC-BY-NC-ND-4.0,0009-0006-3773-7796
AUG-0878,context-inheritance,The Context Inheritance,The Context Inheritance,,,https://andreasehstandlicenseofclarityloc.github.io/augmanitai-stage-0/atlas/context-inheritance/,10.5281/zenodo.20118267,CC-BY-NC-ND-4.0,0009-0006-3773-7796
AUG-0524,context-layer,The Context Layer,The Context Layer,,,https://andreasehstandlicenseofclarityloc.github.io/augmanitai-stage-0/atlas/context-layer/,10.5281/zenodo.20118267,CC-BY-NC-ND-4.0,0009-0006-3773-7796
AUG-0650,context-sensitive-query,The Context-Sensitive Query,The Context-Sensitive Query,,,https://andreasehstandlicenseofclarityloc.github.io/augmanitai-stage-0/atlas/context-sensitive-query/,10.5281/zenodo.20118267,CC-BY-NC-ND-4.0,0009-0006-3773-7796
AUG-0134,context-window-awareness,Context Window Awareness,Context Window Awareness,,,https://andreasehstandlicenseofclarityloc.github.io/augmanitai-stage-0/atlas/context-window-awareness/,10.5281/zenodo.20118267,CC-BY-NC-ND-4.0,0009-0006-3773-7796
AUG-0433,context-wipe,The Context Wipe,The Context Wipe,,,https://andreasehstandlicenseofclarityloc.github.io/augmanitai-stage-0/atlas/context-wipe/,10.5281/zenodo.20118267,CC-BY-NC-ND-4.0,0009-0006-3773-7796
AUG-0030,contextual-gravity,Contextual Gravity,Contextual Gravity,,,https://andreasehstandlicenseofclarityloc.github.io/augmanitai-stage-0/atlas/contextual-gravity/,10.5281/zenodo.20118267,CC-BY-NC-ND-4.0,0009-0006-3773-7796
AUG-0653,contextual-phrasing,The Contextual Phrasing,The Contextual Phrasing,,,https://andreasehstandlicenseofclarityloc.github.io/augmanitai-stage-0/atlas/contextual-phrasing/,10.5281/zenodo.20118267,CC-BY-NC-ND-4.0,0009-0006-3773-7796
AUG-0795,continuing-education-access,The Continuing Education Access,The Continuing Education Access,,,https://andreasehstandlicenseofclarityloc.github.io/augmanitai-stage-0/atlas/continuing-education-access/,10.5281/zenodo.20118267,CC-BY-NC-ND-4.0,0009-0006-3773-7796
AUG-0966,controlled-fallback,The Controlled Fallback,The Controlled Fallback,,,https://andreasehstandlicenseofclarityloc.github.io/augmanitai-stage-0/atlas/controlled-fallback/,10.5281/zenodo.20118267,CC-BY-NC-ND-4.0,0009-0006-3773-7796
AUG-0560,conversation-loop,The Conversation Loop,The Conversation Loop,,,https://andreasehstandlicenseofclarityloc.github.io/augmanitai-stage-0/atlas/conversation-loop/,10.5281/zenodo.20118267,CC-BY-NC-ND-4.0,0009-0006-3773-7796
AUG-0204,conversational-afterimage,The Conversational Afterimage,The Conversational Afterimage,,,https://andreasehstandlicenseofclarityloc.github.io/augmanitai-stage-0/atlas/conversational-afterimage/,10.5281/zenodo.20118267,CC-BY-NC-ND-4.0,0009-0006-3773-7796
AUG-0906,coordinator-role,The Coordinator Role,The Coordinator Role,,,https://andreasehstandlicenseofclarityloc.github.io/augmanitai-stage-0/atlas/coordinator-role/,10.5281/zenodo.20118267,CC-BY-NC-ND-4.0,0009-0006-3773-7796
AUG-0366,copy-pause,The Copy Pause,The Copy Pause,,,https://andreasehstandlicenseofclarityloc.github.io/augmanitai-stage-0/atlas/copy-pause/,10.5281/zenodo.20118267,CC-BY-NC-ND-4.0,0009-0006-3773-7796
AUG-0729,corporate-lock-in,The Corporate Lock-In,The Corporate Lock-In,,,https://andreasehstandlicenseofclarityloc.github.io/augmanitai-stage-0/atlas/corporate-lock-in/,10.5281/zenodo.20118267,CC-BY-NC-ND-4.0,0009-0006-3773-7796
AUG-0725,cost-threshold,The Cost Threshold,The Cost Threshold,,,https://andreasehstandlicenseofclarityloc.github.io/augmanitai-stage-0/atlas/cost-threshold/,10.5281/zenodo.20118267,CC-BY-NC-ND-4.0,0009-0006-3773-7796
AUG-STAGE0-couple-dance-effect,couple-dance-effect,Couple-Dance Effect,Paar-Tanz,,,https://andreasehstandlicenseofclarityloc.github.io/augmanitai-stage-0/atlas/couple-dance-effect/,10.5281/zenodo.20118267,CC-BY-NC-ND-4.0,0009-0006-3773-7796
AUG-STAGE0-couple-dance,couple-dance,Couple Dance,Paar-Tanz,,,https://andreasehstandlicenseofclarityloc.github.io/augmanitai-stage-0/atlas/couple-dance/,10.5281/zenodo.20118267,CC-BY-NC-ND-4.0,0009-0006-3773-7796
AUG-0232,courage-click,The Courage Click,The Courage Click,,,https://andreasehstandlicenseofclarityloc.github.io/augmanitai-stage-0/atlas/courage-click/,10.5281/zenodo.20118267,CC-BY-NC-ND-4.0,0009-0006-3773-7796
AUG-0454,craft-awareness,The Craft Awareness,The Craft Awareness,,,https://andreasehstandlicenseofclarityloc.github.io/augmanitai-stage-0/atlas/craft-awareness/,10.5281/zenodo.20118267,CC-BY-NC-ND-4.0,0009-0006-3773-7796
AUG-0806,craft-certification-question,The Craft Certification Question,The Craft Certification Question,,,https://andreasehstandlicenseofclarityloc.github.io/augmanitai-stage-0/atlas/craft-certification-question/,10.5281/zenodo.20118267,CC-BY-NC-ND-4.0,0009-0006-3773-7796
AUG-0223,craft-echo,The Craft Echo,The Craft Echo,,,https://andreasehstandlicenseofclarityloc.github.io/augmanitai-stage-0/atlas/craft-echo/,10.5281/zenodo.20118267,CC-BY-NC-ND-4.0,0009-0006-3773-7796
AUG-0831,craft-preservation,The Craft Preservation,The Craft Preservation,,,https://andreasehstandlicenseofclarityloc.github.io/augmanitai-stage-0/atlas/craft-preservation/,10.5281/zenodo.20118267,CC-BY-NC-ND-4.0,0009-0006-3773-7796
AUG-0984,craft-redefinition,The Craft Redefinition,The Craft Redefinition,,,https://andreasehstandlicenseofclarityloc.github.io/augmanitai-stage-0/atlas/craft-redefinition/,10.5281/zenodo.20118267,CC-BY-NC-ND-4.0,0009-0006-3773-7796
AUG-0545,craft-shift,The Craft Shift,The Craft Shift,,,https://andreasehstandlicenseofclarityloc.github.io/augmanitai-stage-0/atlas/craft-shift/,10.5281/zenodo.20118267,CC-BY-NC-ND-4.0,0009-0006-3773-7796
AUG-0205,craft-unlock,The Craft Unlock,The Craft Unlock,,,https://andreasehstandlicenseofclarityloc.github.io/augmanitai-stage-0/atlas/craft-unlock/,10.5281/zenodo.20118267,CC-BY-NC-ND-4.0,0009-0006-3773-7796
AUG-0538,creation-gap,The Creation Gap,The Creation Gap,,,https://andreasehstandlicenseofclarityloc.github.io/augmanitai-stage-0/atlas/creation-gap/,10.5281/zenodo.20118267,CC-BY-NC-ND-4.0,0009-0006-3773-7796
AUG-0993,creative-partnership,The Creative Partnership,The Creative Partnership,,,https://andreasehstandlicenseofclarityloc.github.io/augmanitai-stage-0/atlas/creative-partnership/,10.5281/zenodo.20118267,CC-BY-NC-ND-4.0,0009-0006-3773-7796
AUG-0856,creative-production-shift,The Creative Production Shift,The Creative Production Shift,,,https://andreasehstandlicenseofclarityloc.github.io/augmanitai-stage-0/atlas/creative-production-shift/,10.5281/zenodo.20118267,CC-BY-NC-ND-4.0,0009-0006-3773-7796
AUG-0554,creative-spark,The Creative Spark,The Creative Spark,,,https://andreasehstandlicenseofclarityloc.github.io/augmanitai-stage-0/atlas/creative-spark/,10.5281/zenodo.20118267,CC-BY-NC-ND-4.0,0009-0006-3773-7796
AUG-0613,creator-rush,The Creator Rush,The Creator Rush,,,https://andreasehstandlicenseofclarityloc.github.io/augmanitai-stage-0/atlas/creator-rush/,10.5281/zenodo.20118267,CC-BY-NC-ND-4.0,0009-0006-3773-7796
AUG-0061,creators-question,The Creators Question,Creator's Question,,,https://andreasehstandlicenseofclarityloc.github.io/augmanitai-stage-0/atlas/creators-question/,10.5281/zenodo.20118267,CC-BY-NC-ND-4.0,0009-0006-3773-7796
AUG-0049,cross-referential-validation,Cross-Referential Validation,Cross-Referential Validation,,,https://andreasehstandlicenseofclarityloc.github.io/augmanitai-stage-0/atlas/cross-referential-validation/,10.5281/zenodo.20118267,CC-BY-NC-ND-4.0,0009-0006-3773-7796
AUG-0278,ctrl-z-life,The Ctrl+Z Life,The Ctrl+Z Life,,,https://andreasehstandlicenseofclarityloc.github.io/augmanitai-stage-0/atlas/ctrl-z-life/,10.5281/zenodo.20118267,CC-BY-NC-ND-4.0,0009-0006-3773-7796
AUG-0696,cultural-idiom,The Cultural Idiom,The Cultural Idiom,,,https://andreasehstandlicenseofclarityloc.github.io/augmanitai-stage-0/atlas/cultural-idiom/,10.5281/zenodo.20118267,CC-BY-NC-ND-4.0,0009-0006-3773-7796
AUG-0685,cultural-reflection-pattern,The Cultural Reflection Pattern,The Cultural Reflection Pattern,,,https://andreasehstandlicenseofclarityloc.github.io/augmanitai-stage-0/atlas/cultural-reflection-pattern/,10.5281/zenodo.20118267,CC-BY-NC-ND-4.0,0009-0006-3773-7796
AUG-0667,cultural-threshold,The Cultural Threshold,The Cultural Threshold,,,https://andreasehstandlicenseofclarityloc.github.io/augmanitai-stage-0/atlas/cultural-threshold/,10.5281/zenodo.20118267,CC-BY-NC-ND-4.0,0009-0006-3773-7796
AUG-0346,culture-decode,The Culture Decode,The Culture Decode,,,https://andreasehstandlicenseofclarityloc.github.io/augmanitai-stage-0/atlas/culture-decode/,10.5281/zenodo.20118267,CC-BY-NC-ND-4.0,0009-0006-3773-7796
AUG-0082,curators-dilemma,The Curators Dilemma,Curator's Dilemma,,,https://andreasehstandlicenseofclarityloc.github.io/augmanitai-stage-0/atlas/curators-dilemma/,10.5281/zenodo.20118267,CC-BY-NC-ND-4.0,0009-0006-3773-7796
AUG-0458,curiosity-drill,The Curiosity Drill,The Curiosity Drill,,,https://andreasehstandlicenseofclarityloc.github.io/augmanitai-stage-0/atlas/curiosity-drill/,10.5281/zenodo.20118267,CC-BY-NC-ND-4.0,0009-0006-3773-7796
AUG-0342,curiosity-loop,The Curiosity Loop,The Curiosity Loop,,,https://andreasehstandlicenseofclarityloc.github.io/augmanitai-stage-0/atlas/curiosity-loop/,10.5281/zenodo.20118267,CC-BY-NC-ND-4.0,0009-0006-3773-7796
AUG-0562,curiosity-shift,The Curiosity Shift,The Curiosity Shift,,,https://andreasehstandlicenseofclarityloc.github.io/augmanitai-stage-0/atlas/curiosity-shift/,10.5281/zenodo.20118267,CC-BY-NC-ND-4.0,0009-0006-3773-7796
AUG-0414,cynical-prompt,The Cynical Prompt,The Cynical Prompt,,,https://andreasehstandlicenseofclarityloc.github.io/augmanitai-stage-0/atlas/cynical-prompt/,10.5281/zenodo.20118267,CC-BY-NC-ND-4.0,0009-0006-3773-7796
AUG-0737,data-coverage-imbalance,The Data Coverage Imbalance,The Data Coverage Imbalance,,,https://andreasehstandlicenseofclarityloc.github.io/augmanitai-stage-0/atlas/data-coverage-imbalance/,10.5281/zenodo.20118267,CC-BY-NC-ND-4.0,0009-0006-3773-7796
AUG-0849,data-extraction-observation,The Data Extraction Observation,The Data Extraction Observation,,,https://andreasehstandlicenseofclarityloc.github.io/augmanitai-stage-0/atlas/data-extraction-observation/,10.5281/zenodo.20118267,CC-BY-NC-ND-4.0,0009-0006-3773-7796
AUG-0939,data-model-sync,The Data Model Sync,The Data Model Sync,,,https://andreasehstandlicenseofclarityloc.github.io/augmanitai-stage-0/atlas/data-model-sync/,10.5281/zenodo.20118267,CC-BY-NC-ND-4.0,0009-0006-3773-7796
AUG-0627,data-shadow,The Data Shadow,The Data Shadow,,,https://andreasehstandlicenseofclarityloc.github.io/augmanitai-stage-0/atlas/data-shadow/,10.5281/zenodo.20118267,CC-BY-NC-ND-4.0,0009-0006-3773-7796
AUG-0038,data-stoicism,Data Stoicism,Data Stoicism,,,https://andreasehstandlicenseofclarityloc.github.io/augmanitai-stage-0/atlas/data-stoicism/,10.5281/zenodo.20118267,CC-BY-NC-ND-4.0,0009-0006-3773-7796
AUG-0297,day-end-summary,The Day-End Summary,The Day-End Summary,,,https://andreasehstandlicenseofclarityloc.github.io/augmanitai-stage-0/atlas/day-end-summary/,10.5281/zenodo.20118267,CC-BY-NC-ND-4.0,0009-0006-3773-7796
AUG-0655,debate-culture-mix,The Debate Culture Mix,The Debate Culture Mix,,,https://andreasehstandlicenseofclarityloc.github.io/augmanitai-stage-0/atlas/debate-culture-mix/,10.5281/zenodo.20118267,CC-BY-NC-ND-4.0,0009-0006-3773-7796
AUG-0387,debate-win,The Debate Win,The Debate Win,,,https://andreasehstandlicenseofclarityloc.github.io/augmanitai-stage-0/atlas/debate-win/,10.5281/zenodo.20118267,CC-BY-NC-ND-4.0,0009-0006-3773-7796
AUG-0219,decision-handoff,The Decision Handoff,The Decision Handoff,,,https://andreasehstandlicenseofclarityloc.github.io/augmanitai-stage-0/atlas/decision-handoff/,10.5281/zenodo.20118267,CC-BY-NC-ND-4.0,0009-0006-3773-7796
AUG-0557,decision-pause,The Decision Pause,The Decision Pause,,,https://andreasehstandlicenseofclarityloc.github.io/augmanitai-stage-0/atlas/decision-pause/,10.5281/zenodo.20118267,CC-BY-NC-ND-4.0,0009-0006-3773-7796
AUG-0957,decision-review,The Decision Review,The Decision Review,,,https://andreasehstandlicenseofclarityloc.github.io/augmanitai-stage-0/atlas/decision-review/,10.5281/zenodo.20118267,CC-BY-NC-ND-4.0,0009-0006-3773-7796
AUG-0412,decision-shortcut,The Decision Shortcut,The Decision Shortcut,,,https://andreasehstandlicenseofclarityloc.github.io/augmanitai-stage-0/atlas/decision-shortcut/,10.5281/zenodo.20118267,CC-BY-NC-ND-4.0,0009-0006-3773-7796
AUG-0155,decision-unburdening,The Decision Unburdening,The Decision Unburdening,,,https://andreasehstandlicenseofclarityloc.github.io/augmanitai-stage-0/atlas/decision-unburdening/,10.5281/zenodo.20118267,CC-BY-NC-ND-4.0,0009-0006-3773-7796
AUG-0145,decision-vigilance-effect,Decision-Vigilance Effect,Responsibility Spectrum,,,https://andreasehstandlicenseofclarityloc.github.io/augmanitai-stage-0/atlas/decision-vigilance-effect/,10.5281/zenodo.20118267,CC-BY-NC-ND-4.0,0009-0006-3773-7796
AUG-0141,deep-user-effect,Deep-User Effect,Symbiosis Spectrum,,,https://andreasehstandlicenseofclarityloc.github.io/augmanitai-stage-0/atlas/deep-user-effect/,10.5281/zenodo.20118267,CC-BY-NC-ND-4.0,0009-0006-3773-7796
AUG-STAGE0-deepening-slow-signal,deepening-slow-signal,Deepening-Slow Signal,Langsame Vertiefung,,,https://andreasehstandlicenseofclarityloc.github.io/augmanitai-stage-0/atlas/deepening-slow-signal/,10.5281/zenodo.20118267,CC-BY-NC-ND-4.0,0009-0006-3773-7796
AUG-STAGE0-deepening-slow,deepening-slow,Deepening Slow,Langsame Vertiefung,,,https://andreasehstandlicenseofclarityloc.github.io/augmanitai-stage-0/atlas/deepening-slow/,10.5281/zenodo.20118267,CC-BY-NC-ND-4.0,0009-0006-3773-7796
AUG-0923,defined-operating-boundary,The Defined Operating Boundary,The Defined Operating Boundary,,,https://andreasehstandlicenseofclarityloc.github.io/augmanitai-stage-0/atlas/defined-operating-boundary/,10.5281/zenodo.20118267,CC-BY-NC-ND-4.0,0009-0006-3773-7796
AUG-0755,delayed-contact-perspective,The Delayed-Contact Perspective,The Delayed-Contact Perspective,,,https://andreasehstandlicenseofclarityloc.github.io/augmanitai-stage-0/atlas/delayed-contact-perspective/,10.5281/zenodo.20118267,CC-BY-NC-ND-4.0,0009-0006-3773-7796
AUG-0178,delayed-processing,The Delayed Processing,The Delayed Processing,,,https://andreasehstandlicenseofclarityloc.github.io/augmanitai-stage-0/atlas/delayed-processing/,10.5281/zenodo.20118267,CC-BY-NC-ND-4.0,0009-0006-3773-7796
AUG-0871,delegated-processing,The Delegated Processing,The Delegated Processing,,,https://andreasehstandlicenseofclarityloc.github.io/augmanitai-stage-0/atlas/delegated-processing/,10.5281/zenodo.20118267,CC-BY-NC-ND-4.0,0009-0006-3773-7796
AUG-0974,delegation-comfort,The Delegation Comfort,The Delegation Comfort,,,https://andreasehstandlicenseofclarityloc.github.io/augmanitai-stage-0/atlas/delegation-comfort/,10.5281/zenodo.20118267,CC-BY-NC-ND-4.0,0009-0006-3773-7796
AUG-0202,delegation-dance,The Delegation Dance,The Delegation Dance,,,https://andreasehstandlicenseofclarityloc.github.io/augmanitai-stage-0/atlas/delegation-dance/,10.5281/zenodo.20118267,CC-BY-NC-ND-4.0,0009-0006-3773-7796
AUG-0860,delegation-depth,The Delegation Depth,The Delegation Depth,,,https://andreasehstandlicenseofclarityloc.github.io/augmanitai-stage-0/atlas/delegation-depth/,10.5281/zenodo.20118267,CC-BY-NC-ND-4.0,0009-0006-3773-7796
AUG-0285,deleted-self,The Deleted Self,The Deleted Self,,,https://andreasehstandlicenseofclarityloc.github.io/augmanitai-stage-0/atlas/deleted-self/,10.5281/zenodo.20118267,CC-BY-NC-ND-4.0,0009-0006-3773-7796
AUG-0928,delivery-agent,The Delivery Agent,The Delivery Agent,,,https://andreasehstandlicenseofclarityloc.github.io/augmanitai-stage-0/atlas/delivery-agent/,10.5281/zenodo.20118267,CC-BY-NC-ND-4.0,0009-0006-3773-7796
AUG-0552,depends-fundamental-effect,Depends-Fundamental Effect,Input-Output Exchange,,,https://andreasehstandlicenseofclarityloc.github.io/augmanitai-stage-0/atlas/depends-fundamental-effect/,10.5281/zenodo.20118267,CC-BY-NC-ND-4.0,0009-0006-3773-7796
AUG-0924,der-autor-workspace-dynamic,der Autor Workspace Dynamic,der Autor Workspace Dynamik,,,https://andreasehstandlicenseofclarityloc.github.io/augmanitai-stage-0/atlas/der-autor-workspace-dynamic/,10.5281/zenodo.20118267,CC-BY-NC-ND-4.0,0009-0006-3773-7796
AUG-0608,design-pause,The Design Pause,The Design Pause,,,https://andreasehstandlicenseofclarityloc.github.io/augmanitai-stage-0/atlas/design-pause/,10.5281/zenodo.20118267,CC-BY-NC-ND-4.0,0009-0006-3773-7796
AUG-0462,detail-lookup,The Detail Lookup,The Detail Lookup,,,https://andreasehstandlicenseofclarityloc.github.io/augmanitai-stage-0/atlas/detail-lookup/,10.5281/zenodo.20118267,CC-BY-NC-ND-4.0,0009-0006-3773-7796
AUG-0768,developmental-boundary,The Developmental Boundary,The Developmental Boundary,,,https://andreasehstandlicenseofclarityloc.github.io/augmanitai-stage-0/atlas/developmental-boundary/,10.5281/zenodo.20118267,CC-BY-NC-ND-4.0,0009-0006-3773-7796
AUG-0691,dialect-decoder,The Dialect Decoder,The Dialect Decoder,,,https://andreasehstandlicenseofclarityloc.github.io/augmanitai-stage-0/atlas/dialect-decoder/,10.5281/zenodo.20118267,CC-BY-NC-ND-4.0,0009-0006-3773-7796
AUG-0799,digital-campus,The Digital Campus,The Digital Campus,,,https://andreasehstandlicenseofclarityloc.github.io/augmanitai-stage-0/atlas/digital-campus/,10.5281/zenodo.20118267,CC-BY-NC-ND-4.0,0009-0006-3773-7796
AUG-0167,digital-confidant-drift,The Digital Confidant Drift,The Digital Confidant Drift,,,https://andreasehstandlicenseofclarityloc.github.io/augmanitai-stage-0/atlas/digital-confidant-drift/,10.5281/zenodo.20118267,CC-BY-NC-ND-4.0,0009-0006-3773-7796
AUG-0348,digital-counsel,The Digital Counsel,The Digital Counsel,,,https://andreasehstandlicenseofclarityloc.github.io/augmanitai-stage-0/atlas/digital-counsel/,10.5281/zenodo.20118267,CC-BY-NC-ND-4.0,0009-0006-3773-7796
AUG-0546,digital-double,The Digital Double,The Digital Double,,,https://andreasehstandlicenseofclarityloc.github.io/augmanitai-stage-0/atlas/digital-double/,10.5281/zenodo.20118267,CC-BY-NC-ND-4.0,0009-0006-3773-7796
AUG-0735,digital-familiarity-range,The Digital Familiarity Range,The Digital Familiarity Range,,,https://andreasehstandlicenseofclarityloc.github.io/augmanitai-stage-0/atlas/digital-familiarity-range/,10.5281/zenodo.20118267,CC-BY-NC-ND-4.0,0009-0006-3773-7796
AUG-0619,digital-snapshot,The Digital Snapshot,The Digital Snapshot,,,https://andreasehstandlicenseofclarityloc.github.io/augmanitai-stage-0/atlas/digital-snapshot/,10.5281/zenodo.20118267,CC-BY-NC-ND-4.0,0009-0006-3773-7796
AUG-0154,diminishes-late-effect,Diminishes-Late Effect,Late-Night Honesty Window,,,https://andreasehstandlicenseofclarityloc.github.io/augmanitai-stage-0/atlas/diminishes-late-effect/,10.5281/zenodo.20118267,CC-BY-NC-ND-4.0,0009-0006-3773-7796
AUG-0435,dinner-shortcut,The Dinner Shortcut,The Dinner Shortcut,,,https://andreasehstandlicenseofclarityloc.github.io/augmanitai-stage-0/atlas/dinner-shortcut/,10.5281/zenodo.20118267,CC-BY-NC-ND-4.0,0009-0006-3773-7796
AUG-0282,dinner-table-pause,The Dinner Table Pause,The Dinner Table Pause,,,https://andreasehstandlicenseofclarityloc.github.io/augmanitai-stage-0/atlas/dinner-table-pause/,10.5281/zenodo.20118267,CC-BY-NC-ND-4.0,0009-0006-3773-7796
AUG-0327,disclose-night-effect,Disclose-Night Effect,Late-Night Overshare,,,https://andreasehstandlicenseofclarityloc.github.io/augmanitai-stage-0/atlas/disclose-night-effect/,10.5281/zenodo.20118267,CC-BY-NC-ND-4.0,0009-0006-3773-7796
AUG-0810,discreet-ai-use,The Discreet AI Use,The Discreet AI Use,,,https://andreasehstandlicenseofclarityloc.github.io/augmanitai-stage-0/atlas/discreet-ai-use/,10.5281/zenodo.20118267,CC-BY-NC-ND-4.0,0009-0006-3773-7796
AUG-0409,discussion-loop-effect,Discussion-Loop Effect,Night-Movie Analysis,,,https://andreasehstandlicenseofclarityloc.github.io/augmanitai-stage-0/atlas/discussion-loop-effect/,10.5281/zenodo.20118267,CC-BY-NC-ND-4.0,0009-0006-3773-7796
AUG-0793,dissertation-scaffold,The Dissertation Scaffold,The Dissertation Scaffold,,,https://andreasehstandlicenseofclarityloc.github.io/augmanitai-stage-0/atlas/dissertation-scaffold/,10.5281/zenodo.20118267,CC-BY-NC-ND-4.0,0009-0006-3773-7796
AUG-0900,distributed-coordination,The Distributed Coordination,The Distributed Coordination,,,https://andreasehstandlicenseofclarityloc.github.io/augmanitai-stage-0/atlas/distributed-coordination/,10.5281/zenodo.20118267,CC-BY-NC-ND-4.0,0009-0006-3773-7796
AUG-0481,diy-confidence,The DIY Confidence,The DIY Confidence,,,https://andreasehstandlicenseofclarityloc.github.io/augmanitai-stage-0/atlas/diy-confidence/,10.5281/zenodo.20118267,CC-BY-NC-ND-4.0,0009-0006-3773-7796
AUG-0816,documentation-standard,The Documentation Standard,The Documentation Standard,,,https://andreasehstandlicenseofclarityloc.github.io/augmanitai-stage-0/atlas/documentation-standard/,10.5281/zenodo.20118267,CC-BY-NC-ND-4.0,0009-0006-3773-7796
AUG-0905,documentation-trail,The Documentation Trail,The Documentation Trail,,,https://andreasehstandlicenseofclarityloc.github.io/augmanitai-stage-0/atlas/documentation-trail/,10.5281/zenodo.20118267,CC-BY-NC-ND-4.0,0009-0006-3773-7796
AUG-0256,dog-walk-download,The Dog Walk Download,The Dog Walk Download,,,https://andreasehstandlicenseofclarityloc.github.io/augmanitai-stage-0/atlas/dog-walk-download/,10.5281/zenodo.20118267,CC-BY-NC-ND-4.0,0009-0006-3773-7796
AUG-0618,downtime-delegation,The Downtime Delegation,The Downtime Delegation,,,https://andreasehstandlicenseofclarityloc.github.io/augmanitai-stage-0/atlas/downtime-delegation/,10.5281/zenodo.20118267,CC-BY-NC-ND-4.0,0009-0006-3773-7796
AUG-STAGE0-drive-amnesia-marker,drive-amnesia-marker,Drive-Amnesia Marker,Hunger-Vergessen,,,https://andreasehstandlicenseofclarityloc.github.io/augmanitai-stage-0/atlas/drive-amnesia-marker/,10.5281/zenodo.20118267,CC-BY-NC-ND-4.0,0009-0006-3773-7796
AUG-0639,duplicate-notice,The Duplicate Notice,The Duplicate Notice,,,https://andreasehstandlicenseofclarityloc.github.io/augmanitai-stage-0/atlas/duplicate-notice/,10.5281/zenodo.20118267,CC-BY-NC-ND-4.0,0009-0006-3773-7796
AUG-0242,duvet-dialogue,The Duvet Dialogue,The Duvet Dialogue,,,https://andreasehstandlicenseofclarityloc.github.io/augmanitai-stage-0/atlas/duvet-dialogue/,10.5281/zenodo.20118267,CC-BY-NC-ND-4.0,0009-0006-3773-7796
AUG-0757,earliest-cohort-observation,The Earliest Cohort Observation,The Earliest Cohort Observation,,,https://andreasehstandlicenseofclarityloc.github.io/augmanitai-stage-0/atlas/earliest-cohort-observation/,10.5281/zenodo.20118267,CC-BY-NC-ND-4.0,0009-0006-3773-7796
AUG-0767,early-adulthood-effect,Early-Adulthood Effect,Wachsend-User Encounter,,,https://andreasehstandlicenseofclarityloc.github.io/augmanitai-stage-0/atlas/early-adulthood-effect/,10.5281/zenodo.20118267,CC-BY-NC-ND-4.0,0009-0006-3773-7796
AUG-0766,early-age-encounter,The Early-Age Encounter,The Early-Age Encounter,,,https://andreasehstandlicenseofclarityloc.github.io/augmanitai-stage-0/atlas/early-age-encounter/,10.5281/zenodo.20118267,CC-BY-NC-ND-4.0,0009-0006-3773-7796
AUG-0033,ebulliometric-sorting,Ebulliometric Sorting,Ebulliometric Sorting,,,https://andreasehstandlicenseofclarityloc.github.io/augmanitai-stage-0/atlas/ebulliometric-sorting/,10.5281/zenodo.20118267,CC-BY-NC-ND-4.0,0009-0006-3773-7796
AUG-0217,echo-chamber-of-one,The Echo Chamber of One,The Echo Chamber of One,,,https://andreasehstandlicenseofclarityloc.github.io/augmanitai-stage-0/atlas/echo-chamber-of-one/,10.5281/zenodo.20118267,CC-BY-NC-ND-4.0,0009-0006-3773-7796
AUG-0047,echo-courage,The Echo Courage,The Echo Courage,,,https://andreasehstandlicenseofclarityloc.github.io/augmanitai-stage-0/atlas/echo-courage/,10.5281/zenodo.20118267,CC-BY-NC-ND-4.0,0009-0006-3773-7796
AUG-0447,echo-friend,The Echo Friend,The Echo Friend,,,https://andreasehstandlicenseofclarityloc.github.io/augmanitai-stage-0/atlas/echo-friend/,10.5281/zenodo.20118267,CC-BY-NC-ND-4.0,0009-0006-3773-7796
AUG-0601,echo-love,The Echo Love,The Echo Love,,,https://andreasehstandlicenseofclarityloc.github.io/augmanitai-stage-0/atlas/echo-love/,10.5281/zenodo.20118267,CC-BY-NC-ND-4.0,0009-0006-3773-7796
AUG-STAGE0-echo-vault-effect,echo-vault-effect,Echo-Vault Effect,Echo-Kammer,,,https://andreasehstandlicenseofclarityloc.github.io/augmanitai-stage-0/atlas/echo-vault-effect/,10.5281/zenodo.20118267,CC-BY-NC-ND-4.0,0009-0006-3773-7796
AUG-STAGE0-echo-vault,echo-vault,Echo Vault,Echo-Kammer,,,https://andreasehstandlicenseofclarityloc.github.io/augmanitai-stage-0/atlas/echo-vault/,10.5281/zenodo.20118267,CC-BY-NC-ND-4.0,0009-0006-3773-7796
AUG-0846,ecological-footprint-observation,The Ecological Footprint Observation,The Ecological Footprint Observation,,,https://andreasehstandlicenseofclarityloc.github.io/augmanitai-stage-0/atlas/ecological-footprint-observation/,10.5281/zenodo.20118267,CC-BY-NC-ND-4.0,0009-0006-3773-7796
AUG-0992,economic-restructuring,The Economic Restructuring,The Economic Restructuring,,,https://andreasehstandlicenseofclarityloc.github.io/augmanitai-stage-0/atlas/economic-restructuring/,10.5281/zenodo.20118267,CC-BY-NC-ND-4.0,0009-0006-3773-7796
AUG-0964,edge-case-library,The Edge Case Library,The Edge Case Library,,,https://andreasehstandlicenseofclarityloc.github.io/augmanitai-stage-0/atlas/edge-case-library/,10.5281/zenodo.20118267,CC-BY-NC-ND-4.0,0009-0006-3773-7796
AUG-0973,edge-measures-effect,Edge-Measures Effect,Post-Mortem Analysis,,,https://andreasehstandlicenseofclarityloc.github.io/augmanitai-stage-0/atlas/edge-measures-effect/,10.5281/zenodo.20118267,CC-BY-NC-ND-4.0,0009-0006-3773-7796
AUG-0649,egalitarian-mode,The Egalitarian Mode,The Egalitarian Mode,,,https://andreasehstandlicenseofclarityloc.github.io/augmanitai-stage-0/atlas/egalitarian-mode/,10.5281/zenodo.20118267,CC-BY-NC-ND-4.0,0009-0006-3773-7796
AUG-0815,email-culture-shift,The Email Culture Shift,The Email Culture Shift,,,https://andreasehstandlicenseofclarityloc.github.io/augmanitai-stage-0/atlas/email-culture-shift/,10.5281/zenodo.20118267,CC-BY-NC-ND-4.0,0009-0006-3773-7796
AUG-0486,email-shield,The Email Shield,The Email Shield,,,https://andreasehstandlicenseofclarityloc.github.io/augmanitai-stage-0/atlas/email-shield/,10.5281/zenodo.20118267,CC-BY-NC-ND-4.0,0009-0006-3773-7796
AUG-STAGE0-embodied-cognition-paradox,embodied-cognition-paradox,The Embodied Cognition Paradox,Embodied-Cognition-Paradox,,,https://andreasehstandlicenseofclarityloc.github.io/augmanitai-stage-0/atlas/embodied-cognition-paradox/,10.5281/zenodo.20118267,CC-BY-NC-ND-4.0,0009-0006-3773-7796
AUG-0915,embodiment-effect,The Embodiment Effect,The Embodiment Effect,,,https://andreasehstandlicenseofclarityloc.github.io/augmanitai-stage-0/atlas/embodiment-effect/,10.5281/zenodo.20118267,CC-BY-NC-ND-4.0,0009-0006-3773-7796
AUG-STAGE0-embodiment-reminder,embodiment-reminder,The Embodiment Reminder,Verkoerperlichungs-Erinnerung,,,https://andreasehstandlicenseofclarityloc.github.io/augmanitai-stage-0/atlas/embodiment-reminder/,10.5281/zenodo.20118267,CC-BY-NC-ND-4.0,0009-0006-3773-7796
AUG-0901,emergent-coordination,The Emergent Coordination,The Emergent Coordination,,,https://andreasehstandlicenseofclarityloc.github.io/augmanitai-stage-0/atlas/emergent-coordination/,10.5281/zenodo.20118267,CC-BY-NC-ND-4.0,0009-0006-3773-7796
AUG-0713,emoji-semantics,The Emoji Semantics,The Emoji Semantics,,,https://andreasehstandlicenseofclarityloc.github.io/augmanitai-stage-0/atlas/emoji-semantics/,10.5281/zenodo.20118267,CC-BY-NC-ND-4.0,0009-0006-3773-7796
AUG-STAGE0-energy-spike,energy-spike,Energy Spike,Energie-Anstieg,,,https://andreasehstandlicenseofclarityloc.github.io/augmanitai-stage-0/atlas/energy-spike/,10.5281/zenodo.20118267,CC-BY-NC-ND-4.0,0009-0006-3773-7796
AUG-STAGE0-engagement-surge-signal,engagement-surge-signal,Engagement-Surge Signal,Energie-Anstieg,,,https://andreasehstandlicenseofclarityloc.github.io/augmanitai-stage-0/atlas/engagement-surge-signal/,10.5281/zenodo.20118267,CC-BY-NC-ND-4.0,0009-0006-3773-7796
AUG-0180,enough-signal,The Enough Signal,The Enough Signal,,,https://andreasehstandlicenseofclarityloc.github.io/augmanitai-stage-0/atlas/enough-signal/,10.5281/zenodo.20118267,CC-BY-NC-ND-4.0,0009-0006-3773-7796
AUG-0987,ensemble-coordination-effect,Ensemble-Coordination Effect,Multi-Agent Literacy,,,https://andreasehstandlicenseofclarityloc.github.io/augmanitai-stage-0/atlas/ensemble-coordination-effect/,10.5281/zenodo.20118267,CC-BY-NC-ND-4.0,0009-0006-3773-7796
AUG-0101,ensuring-existing-effect,Ensuring-Existing Effect,Refresh-First Principle,,,https://andreasehstandlicenseofclarityloc.github.io/augmanitai-stage-0/atlas/ensuring-existing-effect/,10.5281/zenodo.20118267,CC-BY-NC-ND-4.0,0009-0006-3773-7796
AUG-0922,environmental-reading,The Environmental Reading,The Environmental Reading,,,https://andreasehstandlicenseofclarityloc.github.io/augmanitai-stage-0/atlas/environmental-reading/,10.5281/zenodo.20118267,CC-BY-NC-ND-4.0,0009-0006-3773-7796
AUG-0035,epistemic-half-life,Epistemic Half-Life,Epistemic Half-Life,,,https://andreasehstandlicenseofclarityloc.github.io/augmanitai-stage-0/atlas/epistemic-half-life/,10.5281/zenodo.20118267,CC-BY-NC-ND-4.0,0009-0006-3773-7796
AUG-STAGE0-equilibrium-emergence-signal,equilibrium-emergence-signal,Equilibrium-Emergence Signal,Ruhe-Kommen,,,https://andreasehstandlicenseofclarityloc.github.io/augmanitai-stage-0/atlas/equilibrium-emergence-signal/,10.5281/zenodo.20118267,CC-BY-NC-ND-4.0,0009-0006-3773-7796
AUG-STAGE0-ergonomic-decline-effect,ergonomic-decline-effect,Ergonomic-Decline Effect,Haltungs-Hänger,,,https://andreasehstandlicenseofclarityloc.github.io/augmanitai-stage-0/atlas/ergonomic-decline-effect/,10.5281/zenodo.20118267,CC-BY-NC-ND-4.0,0009-0006-3773-7796
AUG-STAGE0-ergonomic-ignorance-amplification,ergonomic-ignorance-amplification,Ergonomic Ignorance Amplification,Ergonomische-Ignoranz-Verstaerkung,,,https://andreasehstandlicenseofclarityloc.github.io/augmanitai-stage-0/atlas/ergonomic-ignorance-amplification/,10.5281/zenodo.20118267,CC-BY-NC-ND-4.0,0009-0006-3773-7796
AUG-0870,escalation-signal,The Escalation Signal,The Escalation Signal,,,https://andreasehstandlicenseofclarityloc.github.io/augmanitai-stage-0/atlas/escalation-signal/,10.5281/zenodo.20118267,CC-BY-NC-ND-4.0,0009-0006-3773-7796
AUG-0759,established-career-shift,The Established-Career Shift,The Established-Career Shift,,,https://andreasehstandlicenseofclarityloc.github.io/augmanitai-stage-0/atlas/established-career-shift/,10.5281/zenodo.20118267,CC-BY-NC-ND-4.0,0009-0006-3773-7796
AUG-0908,evaluation-agent,The Evaluation Agent,The Evaluation Agent,,,https://andreasehstandlicenseofclarityloc.github.io/augmanitai-stage-0/atlas/evaluation-agent/,10.5281/zenodo.20118267,CC-BY-NC-ND-4.0,0009-0006-3773-7796
AUG-0029,evening-synchronization,Evening Synchronization,Evening Synchronization,,,https://andreasehstandlicenseofclarityloc.github.io/augmanitai-stage-0/atlas/evening-synchronization/,10.5281/zenodo.20118267,CC-BY-NC-ND-4.0,0009-0006-3773-7796
AUG-0625,everyday-insight,The Everyday Insight,The Everyday Insight,,,https://andreasehstandlicenseofclarityloc.github.io/augmanitai-stage-0/atlas/everyday-insight/,10.5281/zenodo.20118267,CC-BY-NC-ND-4.0,0009-0006-3773-7796
AUG-0512,excel-pause,The Excel Pause,The Excel Pause,,,https://andreasehstandlicenseofclarityloc.github.io/augmanitai-stage-0/atlas/excel-pause/,10.5281/zenodo.20118267,CC-BY-NC-ND-4.0,0009-0006-3773-7796
AUG-0404,exchange-ratio,The Exchange Ratio,The Exchange Ratio,,,https://andreasehstandlicenseofclarityloc.github.io/augmanitai-stage-0/atlas/exchange-ratio/,10.5281/zenodo.20118267,CC-BY-NC-ND-4.0,0009-0006-3773-7796
AUG-0298,excuse-creative,The Excuse Creative,The Excuse Creative,,,https://andreasehstandlicenseofclarityloc.github.io/augmanitai-stage-0/atlas/excuse-creative/,10.5281/zenodo.20118267,CC-BY-NC-ND-4.0,0009-0006-3773-7796
AUG-0417,executing-related-effect,Executing-Related Effect,What-If Preview,,,https://andreasehstandlicenseofclarityloc.github.io/augmanitai-stage-0/atlas/executing-related-effect/,10.5281/zenodo.20118267,CC-BY-NC-ND-4.0,0009-0006-3773-7796
AUG-0819,exit-knowledge-capture,The Exit Knowledge Capture,The Exit Knowledge Capture,,,https://andreasehstandlicenseofclarityloc.github.io/augmanitai-stage-0/atlas/exit-knowledge-capture/,10.5281/zenodo.20118267,CC-BY-NC-ND-4.0,0009-0006-3773-7796
AUG-0506,exit-message,The Exit Message,The Exit Message,,,https://andreasehstandlicenseofclarityloc.github.io/augmanitai-stage-0/atlas/exit-message/,10.5281/zenodo.20118267,CC-BY-NC-ND-4.0,0009-0006-3773-7796
AUG-0127,expansion-feeling,The Expansion Feeling,The Expansion Feeling,,,https://andreasehstandlicenseofclarityloc.github.io/augmanitai-stage-0/atlas/expansion-feeling/,10.5281/zenodo.20118267,CC-BY-NC-ND-4.0,0009-0006-3773-7796
AUG-0551,expectation-check,The Expectation Check,The Expectation Check,,,https://andreasehstandlicenseofclarityloc.github.io/augmanitai-stage-0/atlas/expectation-check/,10.5281/zenodo.20118267,CC-BY-NC-ND-4.0,0009-0006-3773-7796
AUG-0836,expectation-cycle,The Expectation Cycle,The Expectation Cycle,,,https://andreasehstandlicenseofclarityloc.github.io/augmanitai-stage-0/atlas/expectation-cycle/,10.5281/zenodo.20118267,CC-BY-NC-ND-4.0,0009-0006-3773-7796
AUG-0813,experience-level-shift,The Experience-Level Shift,The Experience-Level Shift,,,https://andreasehstandlicenseofclarityloc.github.io/augmanitai-stage-0/atlas/experience-level-shift/,10.5281/zenodo.20118267,CC-BY-NC-ND-4.0,0009-0006-3773-7796
AUG-0214,expertise-shift,The Expertise Shift,The Expertise Shift,,,https://andreasehstandlicenseofclarityloc.github.io/augmanitai-stage-0/atlas/expertise-shift/,10.5281/zenodo.20118267,CC-BY-NC-ND-4.0,0009-0006-3773-7796
AUG-0956,explainability-standard,The Explainability Standard,The Explainability Standard,,,https://andreasehstandlicenseofclarityloc.github.io/augmanitai-stage-0/atlas/explainability-standard/,10.5281/zenodo.20118267,CC-BY-NC-ND-4.0,0009-0006-3773-7796
AUG-0756,extended-experience-perspective,The Extended-Experience Perspective,The Extended-Experience Perspective,,,https://andreasehstandlicenseofclarityloc.github.io/augmanitai-stage-0/atlas/extended-experience-perspective/,10.5281/zenodo.20118267,CC-BY-NC-ND-4.0,0009-0006-3773-7796
AUG-0014,extended-mind-map,The Extended Mind Map,The Extended Mind Map,,,https://andreasehstandlicenseofclarityloc.github.io/augmanitai-stage-0/atlas/extended-mind-map/,10.5281/zenodo.20118267,CC-BY-NC-ND-4.0,0009-0006-3773-7796
AUG-0353,face-saver,The Face Saver,The Face Saver,,,https://andreasehstandlicenseofclarityloc.github.io/augmanitai-stage-0/atlas/face-saver/,10.5281/zenodo.20118267,CC-BY-NC-ND-4.0,0009-0006-3773-7796
AUG-0606,fact-tap,The Fact Tap,The Fact Tap,,,https://andreasehstandlicenseofclarityloc.github.io/augmanitai-stage-0/atlas/fact-tap/,10.5281/zenodo.20118267,CC-BY-NC-ND-4.0,0009-0006-3773-7796
AUG-0960,factor-distribution,The Factor Distribution,The Factor Distribution,,,https://andreasehstandlicenseofclarityloc.github.io/augmanitai-stage-0/atlas/factor-distribution/,10.5281/zenodo.20118267,CC-BY-NC-ND-4.0,0009-0006-3773-7796
AUG-0837,factor-narrative,The Factor Narrative,The Factor Narrative,,,https://andreasehstandlicenseofclarityloc.github.io/augmanitai-stage-0/atlas/factor-narrative/,10.5281/zenodo.20118267,CC-BY-NC-ND-4.0,0009-0006-3773-7796
AUG-0585,factor-simulator,The Factor Simulator,The Factor Simulator,,,https://andreasehstandlicenseofclarityloc.github.io/augmanitai-stage-0/atlas/factor-simulator/,10.5281/zenodo.20118267,CC-BY-NC-ND-4.0,0009-0006-3773-7796
AUG-0845,fairness-review,The Fairness Review,The Fairness Review,,,https://andreasehstandlicenseofclarityloc.github.io/augmanitai-stage-0/atlas/fairness-review/,10.5281/zenodo.20118267,CC-BY-NC-ND-4.0,0009-0006-3773-7796
AUG-0875,fallback-behavior,The Fallback Behavior,The Fallback Behavior,,,https://andreasehstandlicenseofclarityloc.github.io/augmanitai-stage-0/atlas/fallback-behavior/,10.5281/zenodo.20118267,CC-BY-NC-ND-4.0,0009-0006-3773-7796
AUG-STAGE0-false-cognitive-effect,false-cognitive-effect,False-Cognitive Effect,Bewegung-Kognition-Kompromiss,,,https://andreasehstandlicenseofclarityloc.github.io/augmanitai-stage-0/atlas/false-cognitive-effect/,10.5281/zenodo.20118267,CC-BY-NC-ND-4.0,0009-0006-3773-7796
AUG-0765,familiarity-based-trust-differential,The Familiarity-Based Trust Differential,The Familiarity-Based Trust Differential,,,https://andreasehstandlicenseofclarityloc.github.io/augmanitai-stage-0/atlas/familiarity-based-trust-differential/,10.5281/zenodo.20118267,CC-BY-NC-ND-4.0,0009-0006-3773-7796
AUG-0125,feedback-effect,The Feedback Effect,The Feedback Effect,,,https://andreasehstandlicenseofclarityloc.github.io/augmanitai-stage-0/atlas/feedback-effect/,10.5281/zenodo.20118267,CC-BY-NC-ND-4.0,0009-0006-3773-7796
AUG-0421,feedback-loop,The Feedback Loop,The Feedback Loop,,,https://andreasehstandlicenseofclarityloc.github.io/augmanitai-stage-0/atlas/feedback-loop/,10.5281/zenodo.20118267,CC-BY-NC-ND-4.0,0009-0006-3773-7796
AUG-0057,feels-return-effect,Feels-Return Effect,Low-Res World,,,https://andreasehstandlicenseofclarityloc.github.io/augmanitai-stage-0/atlas/feels-return-effect/,10.5281/zenodo.20118267,CC-BY-NC-ND-4.0,0009-0006-3773-7796
AUG-0046,felt-echo,The Felt Echo,The Felt Echo,,,https://andreasehstandlicenseofclarityloc.github.io/augmanitai-stage-0/atlas/felt-echo/,10.5281/zenodo.20118267,CC-BY-NC-ND-4.0,0009-0006-3773-7796
AUG-0441,filter-block,The Filter Block,The Filter Block,,,https://andreasehstandlicenseofclarityloc.github.io/augmanitai-stage-0/atlas/filter-block/,10.5281/zenodo.20118267,CC-BY-NC-ND-4.0,0009-0006-3773-7796
AUG-0402,filter-distortion,The Filter Distortion,The Filter Distortion,,,https://andreasehstandlicenseofclarityloc.github.io/augmanitai-stage-0/atlas/filter-distortion/,10.5281/zenodo.20118267,CC-BY-NC-ND-4.0,0009-0006-3773-7796
AUG-0595,filter-face,The Filter Face,The Filter Face,,,https://andreasehstandlicenseofclarityloc.github.io/augmanitai-stage-0/atlas/filter-face/,10.5281/zenodo.20118267,CC-BY-NC-ND-4.0,0009-0006-3773-7796
AUG-0775,filter-refusal-effect,Filter-Refusal Effect,KI-Free Zone,,,https://andreasehstandlicenseofclarityloc.github.io/augmanitai-stage-0/atlas/filter-refusal-effect/,10.5281/zenodo.20118267,CC-BY-NC-ND-4.0,0009-0006-3773-7796
AUG-0556,filtered-world,The Filtered World,The Filtered World,,,https://andreasehstandlicenseofclarityloc.github.io/augmanitai-stage-0/atlas/filtered-world/,10.5281/zenodo.20118267,CC-BY-NC-ND-4.0,0009-0006-3773-7796
AUG-0423,final-draft,The Final Draft,The Final Draft,,,https://andreasehstandlicenseofclarityloc.github.io/augmanitai-stage-0/atlas/final-draft/,10.5281/zenodo.20118267,CC-BY-NC-ND-4.0,0009-0006-3773-7796
AUG-0600,final-merge,The Final Merge,The Final Merge,,,https://andreasehstandlicenseofclarityloc.github.io/augmanitai-stage-0/atlas/final-merge/,10.5281/zenodo.20118267,CC-BY-NC-ND-4.0,0009-0006-3773-7796
AUG-0610,final-word,The Final Word,The Final Word,,,https://andreasehstandlicenseofclarityloc.github.io/augmanitai-stage-0/atlas/final-word/,10.5281/zenodo.20118267,CC-BY-NC-ND-4.0,0009-0006-3773-7796
AUG-0804,financial-literacy-tool,The Financial Literacy Tool,The Financial Literacy Tool,,,https://andreasehstandlicenseofclarityloc.github.io/augmanitai-stage-0/atlas/financial-literacy-tool/,10.5281/zenodo.20118267,CC-BY-NC-ND-4.0,0009-0006-3773-7796
AUG-0931,fine-grain-execution,The Fine-Grain Execution,The Fine-Grain Execution,,,https://andreasehstandlicenseofclarityloc.github.io/augmanitai-stage-0/atlas/fine-grain-execution/,10.5281/zenodo.20118267,CC-BY-NC-ND-4.0,0009-0006-3773-7796
AUG-0645,fire-bringer-question,The Fire-Bringer Question,The Fire-Bringer Question,,,https://andreasehstandlicenseofclarityloc.github.io/augmanitai-stage-0/atlas/fire-bringer-question/,10.5281/zenodo.20118267,CC-BY-NC-ND-4.0,0009-0006-3773-7796
AUG-STAGE0-first-anchor-pattern,first-anchor-pattern,First-Anchor Pattern,Erste Verankerung,,,https://andreasehstandlicenseofclarityloc.github.io/augmanitai-stage-0/atlas/first-anchor-pattern/,10.5281/zenodo.20118267,CC-BY-NC-ND-4.0,0009-0006-3773-7796
AUG-STAGE0-first-anchor,first-anchor,First Anchor,Erste Verankerung,,,https://andreasehstandlicenseofclarityloc.github.io/augmanitai-stage-0/atlas/first-anchor/,10.5281/zenodo.20118267,CC-BY-NC-ND-4.0,0009-0006-3773-7796
AUG-0753,first-contact-perspective,The First-Contact Perspective,The First-Contact Perspective,,,https://andreasehstandlicenseofclarityloc.github.io/augmanitai-stage-0/atlas/first-contact-perspective/,10.5281/zenodo.20118267,CC-BY-NC-ND-4.0,0009-0006-3773-7796
AUG-0647,first-input-effect,First-Input Effect,Individual-Framed Input,,,https://andreasehstandlicenseofclarityloc.github.io/augmanitai-stage-0/atlas/first-input-effect/,10.5281/zenodo.20118267,CC-BY-NC-ND-4.0,0009-0006-3773-7796
AUG-0754,first-reference-effect,First-Reference Effect,Mid-Range Transition,,,https://andreasehstandlicenseofclarityloc.github.io/augmanitai-stage-0/atlas/first-reference-effect/,10.5281/zenodo.20118267,CC-BY-NC-ND-4.0,0009-0006-3773-7796
AUG-0191,first-word,The First Word,The First Word,,,https://andreasehstandlicenseofclarityloc.github.io/augmanitai-stage-0/atlas/first-word/,10.5281/zenodo.20118267,CC-BY-NC-ND-4.0,0009-0006-3773-7796
AUG-0823,flexible-work-pattern,The Flexible Work Pattern,The Flexible Work Pattern,,,https://andreasehstandlicenseofclarityloc.github.io/augmanitai-stage-0/atlas/flexible-work-pattern/,10.5281/zenodo.20118267,CC-BY-NC-ND-4.0,0009-0006-3773-7796
AUG-STAGE0-flow-affect-phenomenon,flow-affect-phenomenon,Flow-Affect Phenomenon,Zirkulations-Gefühl,,,https://andreasehstandlicenseofclarityloc.github.io/augmanitai-stage-0/atlas/flow-affect-phenomenon/,10.5281/zenodo.20118267,CC-BY-NC-ND-4.0,0009-0006-3773-7796
AUG-0003,fluide-identit-tsmorphologie,Fluide Identitätsmorphologie,Fluide Identitätsmorphologie,,,https://andreasehstandlicenseofclarityloc.github.io/augmanitai-stage-0/atlas/fluide-identit-tsmorphologie/,10.5281/zenodo.20118267,CC-BY-NC-ND-4.0,0009-0006-3773-7796
AUG-0003,fluide-identitaetsmorphologie,Fluide Identitaetsmorphologie,Fluide Identitätsmorphologie,,,https://andreasehstandlicenseofclarityloc.github.io/augmanitai-stage-0/atlas/fluide-identitaetsmorphologie/,10.5281/zenodo.20118267,CC-BY-NC-ND-4.0,0009-0006-3773-7796
AUG-0622,focus-duration,The Focus Duration,The Focus Duration,,,https://andreasehstandlicenseofclarityloc.github.io/augmanitai-stage-0/atlas/focus-duration/,10.5281/zenodo.20118267,CC-BY-NC-ND-4.0,0009-0006-3773-7796
AUG-0032,focus-range,Focus Range,Focus Range,,,https://andreasehstandlicenseofclarityloc.github.io/augmanitai-stage-0/atlas/focus-range/,10.5281/zenodo.20118267,CC-BY-NC-ND-4.0,0009-0006-3773-7796
AUG-0152,focus-surge,The Focus Surge,The Focus Surge,,,https://andreasehstandlicenseofclarityloc.github.io/augmanitai-stage-0/atlas/focus-surge/,10.5281/zenodo.20118267,CC-BY-NC-ND-4.0,0009-0006-3773-7796
AUG-STAGE0-fold-happen-signal,fold-happen-signal,Fold-Happen Signal,Falten-Verhalten,,,https://andreasehstandlicenseofclarityloc.github.io/augmanitai-stage-0/atlas/fold-happen-signal/,10.5281/zenodo.20118267,CC-BY-NC-ND-4.0,0009-0006-3773-7796
AUG-STAGE0-fold-happen,fold-happen,Fold Happen,Falten-Verhalten,,,https://andreasehstandlicenseofclarityloc.github.io/augmanitai-stage-0/atlas/fold-happen/,10.5281/zenodo.20118267,CC-BY-NC-ND-4.0,0009-0006-3773-7796
AUG-0580,footprint-code,The Footprint Code,The Footprint Code,,,https://andreasehstandlicenseofclarityloc.github.io/augmanitai-stage-0/atlas/footprint-code/,10.5281/zenodo.20118267,CC-BY-NC-ND-4.0,0009-0006-3773-7796
AUG-0291,forgetting-tax,The Forgetting Tax,The Forgetting Tax,,,https://andreasehstandlicenseofclarityloc.github.io/augmanitai-stage-0/atlas/forgetting-tax/,10.5281/zenodo.20118267,CC-BY-NC-ND-4.0,0009-0006-3773-7796
AUG-0329,forgiven-draft,The Forgiven Draft,The Forgiven Draft,,,https://andreasehstandlicenseofclarityloc.github.io/augmanitai-stage-0/atlas/forgiven-draft/,10.5281/zenodo.20118267,CC-BY-NC-ND-4.0,0009-0006-3773-7796
AUG-0604,forgotten-hand,The Forgotten Hand,The Forgotten Hand,,,https://andreasehstandlicenseofclarityloc.github.io/augmanitai-stage-0/atlas/forgotten-hand/,10.5281/zenodo.20118267,CC-BY-NC-ND-4.0,0009-0006-3773-7796
AUG-0624,forgotten-name,The Forgotten Name,The Forgotten Name,,,https://andreasehstandlicenseofclarityloc.github.io/augmanitai-stage-0/atlas/forgotten-name/,10.5281/zenodo.20118267,CC-BY-NC-ND-4.0,0009-0006-3773-7796
AUG-0336,form-slayer,The Form Slayer,The Form Slayer,,,https://andreasehstandlicenseofclarityloc.github.io/augmanitai-stage-0/atlas/form-slayer/,10.5281/zenodo.20118267,CC-BY-NC-ND-4.0,0009-0006-3773-7796
AUG-0698,formality-trap,The Formality Trap,The Formality Trap,,,https://andreasehstandlicenseofclarityloc.github.io/augmanitai-stage-0/atlas/formality-trap/,10.5281/zenodo.20118267,CC-BY-NC-ND-4.0,0009-0006-3773-7796
AUG-0671,formalized-input-effect,Formalized-Input Effect,Politeness Spectrum,,,https://andreasehstandlicenseofclarityloc.github.io/augmanitai-stage-0/atlas/formalized-input-effect/,10.5281/zenodo.20118267,CC-BY-NC-ND-4.0,0009-0006-3773-7796
AUG-0648,formalized-interaction-input,The Formalized Interaction Input,The Formalized Interaction Input,,,https://andreasehstandlicenseofclarityloc.github.io/augmanitai-stage-0/atlas/formalized-interaction-input/,10.5281/zenodo.20118267,CC-BY-NC-ND-4.0,0009-0006-3773-7796
AUG-0999,forward-assessment,The Forward Assessment,The Forward Assessment,,,https://andreasehstandlicenseofclarityloc.github.io/augmanitai-stage-0/atlas/forward-assessment/,10.5281/zenodo.20118267,CC-BY-NC-ND-4.0,0009-0006-3773-7796
AUG-0530,forward-move,The Forward Move,The Forward Move,,,https://andreasehstandlicenseofclarityloc.github.io/augmanitai-stage-0/atlas/forward-move/,10.5281/zenodo.20118267,CC-BY-NC-ND-4.0,0009-0006-3773-7796
AUG-STAGE0-foundation-desensitization-pattern,foundation-desensitization-pattern,Foundation-Desensitization Pattern,Fuß-Taubheit,,,https://andreasehstandlicenseofclarityloc.github.io/augmanitai-stage-0/atlas/foundation-desensitization-pattern/,10.5281/zenodo.20118267,CC-BY-NC-ND-4.0,0009-0006-3773-7796
AUG-0822,freelancer-dynamic,The Freelancer Dynamic,The Freelancer Dynamic,,,https://andreasehstandlicenseofclarityloc.github.io/augmanitai-stage-0/atlas/freelancer-dynamic/,10.5281/zenodo.20118267,CC-BY-NC-ND-4.0,0009-0006-3773-7796
AUG-0159,fresh-start,The Fresh Start,The Fresh Start,,,https://andreasehstandlicenseofclarityloc.github.io/augmanitai-stage-0/atlas/fresh-start/,10.5281/zenodo.20118267,CC-BY-NC-ND-4.0,0009-0006-3773-7796
AUG-0319,friction-prompt,The Friction Prompt,The Friction Prompt,,,https://andreasehstandlicenseofclarityloc.github.io/augmanitai-stage-0/atlas/friction-prompt/,10.5281/zenodo.20118267,CC-BY-NC-ND-4.0,0009-0006-3773-7796
AUG-0749,frugal-innovation,The Frugal Innovation,The Frugal Innovation,,,https://andreasehstandlicenseofclarityloc.github.io/augmanitai-stage-0/atlas/frugal-innovation/,10.5281/zenodo.20118267,CC-BY-NC-ND-4.0,0009-0006-3773-7796
AUG-0284,full-access-check,The Full-Access Check,The Full-Access Check,,,https://andreasehstandlicenseofclarityloc.github.io/augmanitai-stage-0/atlas/full-access-check/,10.5281/zenodo.20118267,CC-BY-NC-ND-4.0,0009-0006-3773-7796
AUG-0583,full-control,The Full Control,The Full Control,,,https://andreasehstandlicenseofclarityloc.github.io/augmanitai-stage-0/atlas/full-control/,10.5281/zenodo.20118267,CC-BY-NC-ND-4.0,0009-0006-3773-7796
AUG-STAGE0-fusion-temp-effect,fusion-temp-effect,Fusion-Temp Effect,Fusions-Versuchung,,,https://andreasehstandlicenseofclarityloc.github.io/augmanitai-stage-0/atlas/fusion-temp-effect/,10.5281/zenodo.20118267,CC-BY-NC-ND-4.0,0009-0006-3773-7796
AUG-STAGE0-fusion-temp,fusion-temp,Fusion Temp,Fusions-Versuchung,,,https://andreasehstandlicenseofclarityloc.github.io/augmanitai-stage-0/atlas/fusion-temp/,10.5281/zenodo.20118267,CC-BY-NC-ND-4.0,0009-0006-3773-7796
AUG-0270,future-letter,The Future Letter,The Future Letter,,,https://andreasehstandlicenseofclarityloc.github.io/augmanitai-stage-0/atlas/future-letter/,10.5281/zenodo.20118267,CC-BY-NC-ND-4.0,0009-0006-3773-7796
AUG-0427,future-promise,The Future Promise,The Future Promise,,,https://andreasehstandlicenseofclarityloc.github.io/augmanitai-stage-0/atlas/future-promise/,10.5281/zenodo.20118267,CC-BY-NC-ND-4.0,0009-0006-3773-7796
AUG-0349,future-self-prompt,The Future Self Prompt,The Future Self Prompt,,,https://andreasehstandlicenseofclarityloc.github.io/augmanitai-stage-0/atlas/future-self-prompt/,10.5281/zenodo.20118267,CC-BY-NC-ND-4.0,0009-0006-3773-7796
AUG-0575,future-weight,The Future Weight,The Future Weight,,,https://andreasehstandlicenseofclarityloc.github.io/augmanitai-stage-0/atlas/future-weight/,10.5281/zenodo.20118267,CC-BY-NC-ND-4.0,0009-0006-3773-7796
AUG-0505,future-wish,The Future Wish,The Future Wish,,,https://andreasehstandlicenseofclarityloc.github.io/augmanitai-stage-0/atlas/future-wish/,10.5281/zenodo.20118267,CC-BY-NC-ND-4.0,0009-0006-3773-7796
AUG-0813,gain-competence-effect,Gain-Competence Effect,Experience-Level Verschiebung,,,https://andreasehstandlicenseofclarityloc.github.io/augmanitai-stage-0/atlas/gain-competence-effect/,10.5281/zenodo.20118267,CC-BY-NC-ND-4.0,0009-0006-3773-7796
AUG-0411,gap-filler,The Gap Filler,The Gap Filler,,,https://andreasehstandlicenseofclarityloc.github.io/augmanitai-stage-0/atlas/gap-filler/,10.5281/zenodo.20118267,CC-BY-NC-ND-4.0,0009-0006-3773-7796
AUG-0891,generalist-fallback,The Generalist Fallback,The Generalist Fallback,,,https://andreasehstandlicenseofclarityloc.github.io/augmanitai-stage-0/atlas/generalist-fallback/,10.5281/zenodo.20118267,CC-BY-NC-ND-4.0,0009-0006-3773-7796
AUG-0113,generational-bridge-protocol,Generational Bridge Protocol,Generational Bridge Protocol,,,https://andreasehstandlicenseofclarityloc.github.io/augmanitai-stage-0/atlas/generational-bridge-protocol/,10.5281/zenodo.20118267,CC-BY-NC-ND-4.0,0009-0006-3773-7796
AUG-0162,generational-bridge,The Generational Bridge,The Generational Bridge,,,https://andreasehstandlicenseofclarityloc.github.io/augmanitai-stage-0/atlas/generational-bridge/,10.5281/zenodo.20118267,CC-BY-NC-ND-4.0,0009-0006-3773-7796
AUG-0674,generational-register,The Generational Register,The Generational Register,,,https://andreasehstandlicenseofclarityloc.github.io/augmanitai-stage-0/atlas/generational-register/,10.5281/zenodo.20118267,CC-BY-NC-ND-4.0,0009-0006-3773-7796
AUG-0910,generative-agent,The Generative Agent,The Generative Agent,,,https://andreasehstandlicenseofclarityloc.github.io/augmanitai-stage-0/atlas/generative-agent/,10.5281/zenodo.20118267,CC-BY-NC-ND-4.0,0009-0006-3773-7796
AUG-0215,generative-pull,The Generative Pull,The Generative Pull,,,https://andreasehstandlicenseofclarityloc.github.io/augmanitai-stage-0/atlas/generative-pull/,10.5281/zenodo.20118267,CC-BY-NC-ND-4.0,0009-0006-3773-7796
AUG-0628,gentle-sphere,The Gentle Sphere,The Gentle Sphere,,,https://andreasehstandlicenseofclarityloc.github.io/augmanitai-stage-0/atlas/gentle-sphere/,10.5281/zenodo.20118267,CC-BY-NC-ND-4.0,0009-0006-3773-7796
AUG-0714,gesture-differential,The Gesture Differential,The Gesture Differential,,,https://andreasehstandlicenseofclarityloc.github.io/augmanitai-stage-0/atlas/gesture-differential/,10.5281/zenodo.20118267,CC-BY-NC-ND-4.0,0009-0006-3773-7796
AUG-0918,gesture-language,The Gesture Language,The Gesture Language,,,https://andreasehstandlicenseofclarityloc.github.io/augmanitai-stage-0/atlas/gesture-language/,10.5281/zenodo.20118267,CC-BY-NC-ND-4.0,0009-0006-3773-7796
AUG-0287,ghost-conversation,The Ghost Conversation,The Ghost Conversation,,,https://andreasehstandlicenseofclarityloc.github.io/augmanitai-stage-0/atlas/ghost-conversation/,10.5281/zenodo.20118267,CC-BY-NC-ND-4.0,0009-0006-3773-7796
AUG-0313,ghost-craft,The Ghost Craft,The Ghost Craft,,,https://andreasehstandlicenseofclarityloc.github.io/augmanitai-stage-0/atlas/ghost-craft/,10.5281/zenodo.20118267,CC-BY-NC-ND-4.0,0009-0006-3773-7796
AUG-0567,ghost-machine,The Ghost Machine,The Ghost Machine,,,https://andreasehstandlicenseofclarityloc.github.io/augmanitai-stage-0/atlas/ghost-machine/,10.5281/zenodo.20118267,CC-BY-NC-ND-4.0,0009-0006-3773-7796
AUG-0273,ghost-observer,The Ghost Observer,The Ghost Observer,,,https://andreasehstandlicenseofclarityloc.github.io/augmanitai-stage-0/atlas/ghost-observer/,10.5281/zenodo.20118267,CC-BY-NC-ND-4.0,0009-0006-3773-7796
AUG-0662,gift-culture-layer,The Gift Culture Layer,The Gift Culture Layer,,,https://andreasehstandlicenseofclarityloc.github.io/augmanitai-stage-0/atlas/gift-culture-layer/,10.5281/zenodo.20118267,CC-BY-NC-ND-4.0,0009-0006-3773-7796
AUG-0503,gift-finder,The Gift Finder,The Gift Finder,,,https://andreasehstandlicenseofclarityloc.github.io/augmanitai-stage-0/atlas/gift-finder/,10.5281/zenodo.20118267,CC-BY-NC-ND-4.0,0009-0006-3773-7796
AUG-0257,gift-whisperer,The Gift Whisperer,The Gift Whisperer,,,https://andreasehstandlicenseofclarityloc.github.io/augmanitai-stage-0/atlas/gift-whisperer/,10.5281/zenodo.20118267,CC-BY-NC-ND-4.0,0009-0006-3773-7796
AUG-0357,glitch-giggle,The Glitch Giggle,The Glitch Giggle,,,https://andreasehstandlicenseofclarityloc.github.io/augmanitai-stage-0/atlas/glitch-giggle/,10.5281/zenodo.20118267,CC-BY-NC-ND-4.0,0009-0006-3773-7796
AUG-0866,goal-congruence-check,The Goal Congruence Check,The Goal Congruence Check,,,https://andreasehstandlicenseofclarityloc.github.io/augmanitai-stage-0/atlas/goal-congruence-check/,10.5281/zenodo.20118267,CC-BY-NC-ND-4.0,0009-0006-3773-7796
AUG-0952,goal-drift-awareness,The Goal Drift Awareness,The Goal Drift Awareness,,,https://andreasehstandlicenseofclarityloc.github.io/augmanitai-stage-0/atlas/goal-drift-awareness/,10.5281/zenodo.20118267,CC-BY-NC-ND-4.0,0009-0006-3773-7796
AUG-0325,goodbye-draft,The Goodbye Draft,The Goodbye Draft,,,https://andreasehstandlicenseofclarityloc.github.io/augmanitai-stage-0/atlas/goodbye-draft/,10.5281/zenodo.20118267,CC-BY-NC-ND-4.0,0009-0006-3773-7796
AUG-0238,goodnight-dump,The Goodnight Dump,The Goodnight Dump,,,https://andreasehstandlicenseofclarityloc.github.io/augmanitai-stage-0/atlas/goodnight-dump/,10.5281/zenodo.20118267,CC-BY-NC-ND-4.0,0009-0006-3773-7796
AUG-0190,goodnight-integration,The Goodnight Integration,The Goodnight Integration,,,https://andreasehstandlicenseofclarityloc.github.io/augmanitai-stage-0/atlas/goodnight-integration/,10.5281/zenodo.20118267,CC-BY-NC-ND-4.0,0009-0006-3773-7796
AUG-0995,governance-model,The Governance Model,The Governance Model,,,https://andreasehstandlicenseofclarityloc.github.io/augmanitai-stage-0/atlas/governance-model/,10.5281/zenodo.20118267,CC-BY-NC-ND-4.0,0009-0006-3773-7796
AUG-0728,government-gateway,The Government Gateway,The Government Gateway,,,https://andreasehstandlicenseofclarityloc.github.io/augmanitai-stage-0/atlas/government-gateway/,10.5281/zenodo.20118267,CC-BY-NC-ND-4.0,0009-0006-3773-7796
AUG-0252,grammar-of-bravery,The Grammar of Bravery,The Grammar of Bravery,,,https://andreasehstandlicenseofclarityloc.github.io/augmanitai-stage-0/atlas/grammar-of-bravery/,10.5281/zenodo.20118267,CC-BY-NC-ND-4.0,0009-0006-3773-7796
AUG-0220,gratitude-paradox,The Gratitude Paradox,The Gratitude Paradox,,,https://andreasehstandlicenseofclarityloc.github.io/augmanitai-stage-0/atlas/gratitude-paradox/,10.5281/zenodo.20118267,CC-BY-NC-ND-4.0,0009-0006-3773-7796
AUG-0128,gratitude-response,The Gratitude Response,The Gratitude Response,,,https://andreasehstandlicenseofclarityloc.github.io/augmanitai-stage-0/atlas/gratitude-response/,10.5281/zenodo.20118267,CC-BY-NC-ND-4.0,0009-0006-3773-7796
AUG-0767,growing-user-encounter,The Growing-User Encounter,The Growing-User Encounter,,,https://andreasehstandlicenseofclarityloc.github.io/augmanitai-stage-0/atlas/growing-user-encounter/,10.5281/zenodo.20118267,CC-BY-NC-ND-4.0,0009-0006-3773-7796
AUG-0165,growth-marker,The Growth Marker,The Growth Marker,,,https://andreasehstandlicenseofclarityloc.github.io/augmanitai-stage-0/atlas/growth-marker/,10.5281/zenodo.20118267,CC-BY-NC-ND-4.0,0009-0006-3773-7796
AUG-0369,guideline-search,The Guideline Search,The Guideline Search,,,https://andreasehstandlicenseofclarityloc.github.io/augmanitai-stage-0/atlas/guideline-search/,10.5281/zenodo.20118267,CC-BY-NC-ND-4.0,0009-0006-3773-7796
AUG-0898,handoff-protocol,The Handoff Protocol,The Handoff Protocol,,,https://andreasehstandlicenseofclarityloc.github.io/augmanitai-stage-0/atlas/handoff-protocol/,10.5281/zenodo.20118267,CC-BY-NC-ND-4.0,0009-0006-3773-7796
AUG-0611,happy-cocoon,The Happy Cocoon,The Happy Cocoon,,,https://andreasehstandlicenseofclarityloc.github.io/augmanitai-stage-0/atlas/happy-cocoon/,10.5281/zenodo.20118267,CC-BY-NC-ND-4.0,0009-0006-3773-7796
AUG-STAGE0-heart-rate-increase,heart-rate-increase,Heart Rate Increase,Herzfrequenz-Anstieg,,,https://andreasehstandlicenseofclarityloc.github.io/augmanitai-stage-0/atlas/heart-rate-increase/,10.5281/zenodo.20118267,CC-BY-NC-ND-4.0,0009-0006-3773-7796
AUG-STAGE0-heat-sensation-dynamic,heat-sensation-dynamic,Heat-Sensation Dynamic,Wärme-Sensation,,,https://andreasehstandlicenseofclarityloc.github.io/augmanitai-stage-0/atlas/heat-sensation-dynamic/,10.5281/zenodo.20118267,CC-BY-NC-ND-4.0,0009-0006-3773-7796
AUG-0629,heritage-mark,The Heritage Mark,The Heritage Mark,,,https://andreasehstandlicenseofclarityloc.github.io/augmanitai-stage-0/atlas/heritage-mark/,10.5281/zenodo.20118267,CC-BY-NC-ND-4.0,0009-0006-3773-7796
AUG-0542,hidden-advisor,The Hidden Advisor,The Hidden Advisor,,,https://andreasehstandlicenseofclarityloc.github.io/augmanitai-stage-0/atlas/hidden-advisor/,10.5281/zenodo.20118267,CC-BY-NC-ND-4.0,0009-0006-3773-7796
AUG-0534,hidden-angle-finder,The Hidden Angle Finder,The Hidden Angle Finder,,,https://andreasehstandlicenseofclarityloc.github.io/augmanitai-stage-0/atlas/hidden-angle-finder/,10.5281/zenodo.20118267,CC-BY-NC-ND-4.0,0009-0006-3773-7796
AUG-0558,hierarchy-insight,The Hierarchy Insight,The Hierarchy Insight,,,https://andreasehstandlicenseofclarityloc.github.io/augmanitai-stage-0/atlas/hierarchy-insight/,10.5281/zenodo.20118267,CC-BY-NC-ND-4.0,0009-0006-3773-7796
AUG-0672,hierarchy-range,The Hierarchy Range,The Hierarchy Range,,,https://andreasehstandlicenseofclarityloc.github.io/augmanitai-stage-0/atlas/hierarchy-range/,10.5281/zenodo.20118267,CC-BY-NC-ND-4.0,0009-0006-3773-7796
AUG-0765,history-observation-effect,History-Observation Effect,Familiarity-Based Trust Differential,,,https://andreasehstandlicenseofclarityloc.github.io/augmanitai-stage-0/atlas/history-observation-effect/,10.5281/zenodo.20118267,CC-BY-NC-ND-4.0,0009-0006-3773-7796
AUG-0490,hobby-start,The Hobby Start,The Hobby Start,,,https://andreasehstandlicenseofclarityloc.github.io/augmanitai-stage-0/atlas/hobby-start/,10.5281/zenodo.20118267,CC-BY-NC-ND-4.0,0009-0006-3773-7796
AUG-STAGE0-holding-emotional-effect,holding-emotional-effect,Holding-Emotional Effect,Nicht-Reziprozitaets-Bewusstsein,,,https://andreasehstandlicenseofclarityloc.github.io/augmanitai-stage-0/atlas/holding-emotional-effect/,10.5281/zenodo.20118267,CC-BY-NC-ND-4.0,0009-0006-3773-7796
AUG-0185,honesty-irregular-effect,Honesty-Irregular Effect,Late-Night Ally,,,https://andreasehstandlicenseofclarityloc.github.io/augmanitai-stage-0/atlas/honesty-irregular-effect/,10.5281/zenodo.20118267,CC-BY-NC-ND-4.0,0009-0006-3773-7796
AUG-0699,honorific-maze,The Honorific Maze,The Honorific Maze,,,https://andreasehstandlicenseofclarityloc.github.io/augmanitai-stage-0/atlas/honorific-maze/,10.5281/zenodo.20118267,CC-BY-NC-ND-4.0,0009-0006-3773-7796
AUG-0663,hospitality-code,The Hospitality Code,The Hospitality Code,,,https://andreasehstandlicenseofclarityloc.github.io/augmanitai-stage-0/atlas/hospitality-code/,10.5281/zenodo.20118267,CC-BY-NC-ND-4.0,0009-0006-3773-7796
AUG-0925,household-automation,The Household Automation,The Household Automation,,,https://andreasehstandlicenseofclarityloc.github.io/augmanitai-stage-0/atlas/household-automation/,10.5281/zenodo.20118267,CC-BY-NC-ND-4.0,0009-0006-3773-7796
AUG-0381,hr-radar,The HR Radar,The HR Radar,,,https://andreasehstandlicenseofclarityloc.github.io/augmanitai-stage-0/atlas/hr-radar/,10.5281/zenodo.20118267,CC-BY-NC-ND-4.0,0009-0006-3773-7796
AUG-0457,human-check,The Human Check,The Human Check,,,https://andreasehstandlicenseofclarityloc.github.io/augmanitai-stage-0/atlas/human-check/,10.5281/zenodo.20118267,CC-BY-NC-ND-4.0,0009-0006-3773-7796
AUG-0131,human-directed-agent-relay,Human-Directed Agent Relay,Human-Directed Agent Relay,,,https://andreasehstandlicenseofclarityloc.github.io/augmanitai-stage-0/atlas/human-directed-agent-relay/,10.5281/zenodo.20118267,CC-BY-NC-ND-4.0,0009-0006-3773-7796
AUG-0833,human-distinction,The Human Distinction,The Human Distinction,,,https://andreasehstandlicenseofclarityloc.github.io/augmanitai-stage-0/atlas/human-distinction/,10.5281/zenodo.20118267,CC-BY-NC-ND-4.0,0009-0006-3773-7796
AUG-0888,human-in-the-loop,The Human-in-the-Loop,The Human-in-the-Loop,,,https://andreasehstandlicenseofclarityloc.github.io/augmanitai-stage-0/atlas/human-in-the-loop/,10.5281/zenodo.20118267,CC-BY-NC-ND-4.0,0009-0006-3773-7796
AUG-0946,human-interrupt-design,The Human Interrupt Design,The Human Interrupt Design,,,https://andreasehstandlicenseofclarityloc.github.io/augmanitai-stage-0/atlas/human-interrupt-design/,10.5281/zenodo.20118267,CC-BY-NC-ND-4.0,0009-0006-3773-7796
AUG-0279,human-pace,The Human Pace,The Human Pace,,,https://andreasehstandlicenseofclarityloc.github.io/augmanitai-stage-0/atlas/human-pace/,10.5281/zenodo.20118267,CC-BY-NC-ND-4.0,0009-0006-3773-7796
AUG-0857,human-primacy-anchor,The Human Primacy Anchor,The Human Primacy Anchor,,,https://andreasehstandlicenseofclarityloc.github.io/augmanitai-stage-0/atlas/human-primacy-anchor/,10.5281/zenodo.20118267,CC-BY-NC-ND-4.0,0009-0006-3773-7796
AUG-0645,humanity-question-effect,Humanity-Question Effect,Fire-Bringer Question,,,https://andreasehstandlicenseofclarityloc.github.io/augmanitai-stage-0/atlas/humanity-question-effect/,10.5281/zenodo.20118267,CC-BY-NC-ND-4.0,0009-0006-3773-7796
AUG-0668,humor-portability,The Humor Portability,The Humor Portability,,,https://andreasehstandlicenseofclarityloc.github.io/augmanitai-stage-0/atlas/humor-portability/,10.5281/zenodo.20118267,CC-BY-NC-ND-4.0,0009-0006-3773-7796
AUG-STAGE0-hunger-forget,hunger-forget,Hunger Forget,Hunger-Vergessen,,,https://andreasehstandlicenseofclarityloc.github.io/augmanitai-stage-0/atlas/hunger-forget/,10.5281/zenodo.20118267,CC-BY-NC-ND-4.0,0009-0006-3773-7796
AUG-0821,hybrid-office-dynamic,The Hybrid Office Dynamic,The Hybrid Office Dynamic,,,https://andreasehstandlicenseofclarityloc.github.io/augmanitai-stage-0/atlas/hybrid-office-dynamic/,10.5281/zenodo.20118267,CC-BY-NC-ND-4.0,0009-0006-3773-7796
AUG-STAGE0-hydration-cognition-disconnect,hydration-cognition-disconnect,Hydration-Cognition Disconnect,Hydratations-Kognitions-Diskonnekt,,,https://andreasehstandlicenseofclarityloc.github.io/augmanitai-stage-0/atlas/hydration-cognition-disconnect/,10.5281/zenodo.20118267,CC-BY-NC-ND-4.0,0009-0006-3773-7796
AUG-0596,idea-blur,The Idea Blur,The Idea Blur,,,https://andreasehstandlicenseofclarityloc.github.io/augmanitai-stage-0/atlas/idea-blur/,10.5281/zenodo.20118267,CC-BY-NC-ND-4.0,0009-0006-3773-7796
AUG-0504,idea-catcher,The Idea Catcher,The Idea Catcher,,,https://andreasehstandlicenseofclarityloc.github.io/augmanitai-stage-0/atlas/idea-catcher/,10.5281/zenodo.20118267,CC-BY-NC-ND-4.0,0009-0006-3773-7796
AUG-0465,idea-filter,The Idea Filter,The Idea Filter,,,https://andreasehstandlicenseofclarityloc.github.io/augmanitai-stage-0/atlas/idea-filter/,10.5281/zenodo.20118267,CC-BY-NC-ND-4.0,0009-0006-3773-7796
AUG-0420,idle-redirect,The Idle Redirect,The Idle Redirect,,,https://andreasehstandlicenseofclarityloc.github.io/augmanitai-stage-0/atlas/idle-redirect/,10.5281/zenodo.20118267,CC-BY-NC-ND-4.0,0009-0006-3773-7796
AUG-0042,immersion-entry,The Immersion Entry,The Immersion Entry,,,https://andreasehstandlicenseofclarityloc.github.io/augmanitai-stage-0/atlas/immersion-entry/,10.5281/zenodo.20118267,CC-BY-NC-ND-4.0,0009-0006-3773-7796
AUG-0543,impact-rush,The Impact Rush,The Impact Rush,,,https://andreasehstandlicenseofclarityloc.github.io/augmanitai-stage-0/atlas/impact-rush/,10.5281/zenodo.20118267,CC-BY-NC-ND-4.0,0009-0006-3773-7796
AUG-0108,imperfection-clause,The Imperfection Clause,The Imperfection Clause,,,https://andreasehstandlicenseofclarityloc.github.io/augmanitai-stage-0/atlas/imperfection-clause/,10.5281/zenodo.20118267,CC-BY-NC-ND-4.0,0009-0006-3773-7796
AUG-0953,incentive-integrity-check,The Incentive Integrity Check,The Incentive Integrity Check,,,https://andreasehstandlicenseofclarityloc.github.io/augmanitai-stage-0/atlas/incentive-integrity-check/,10.5281/zenodo.20118267,CC-BY-NC-ND-4.0,0009-0006-3773-7796
AUG-0701,inclusive-language-review,The Inclusive Language Review,The Inclusive Language Review,,,https://andreasehstandlicenseofclarityloc.github.io/augmanitai-stage-0/atlas/inclusive-language-review/,10.5281/zenodo.20118267,CC-BY-NC-ND-4.0,0009-0006-3773-7796
AUG-0106,inclusivity-imperative,The Inclusivity Imperative,The Inclusivity Imperative,,,https://andreasehstandlicenseofclarityloc.github.io/augmanitai-stage-0/atlas/inclusivity-imperative/,10.5281/zenodo.20118267,CC-BY-NC-ND-4.0,0009-0006-3773-7796
AUG-0395,increasing-gardener-effect,Increasing-Gardener Effect,Long-Term Chat,,,https://andreasehstandlicenseofclarityloc.github.io/augmanitai-stage-0/atlas/increasing-gardener-effect/,10.5281/zenodo.20118267,CC-BY-NC-ND-4.0,0009-0006-3773-7796
AUG-0359,independent-mode,The Independent Mode,The Independent Mode,,,https://andreasehstandlicenseofclarityloc.github.io/augmanitai-stage-0/atlas/independent-mode/,10.5281/zenodo.20118267,CC-BY-NC-ND-4.0,0009-0006-3773-7796
AUG-0218,independent-upgrade,The Independent Upgrade,The Independent Upgrade,,,https://andreasehstandlicenseofclarityloc.github.io/augmanitai-stage-0/atlas/independent-upgrade/,10.5281/zenodo.20118267,CC-BY-NC-ND-4.0,0009-0006-3773-7796
AUG-0626,independent-win,The Independent Win,The Independent Win,,,https://andreasehstandlicenseofclarityloc.github.io/augmanitai-stage-0/atlas/independent-win/,10.5281/zenodo.20118267,CC-BY-NC-ND-4.0,0009-0006-3773-7796
AUG-0045,indexical-memory,Indexical Memory,Indexical Memory,,,https://andreasehstandlicenseofclarityloc.github.io/augmanitai-stage-0/atlas/indexical-memory/,10.5281/zenodo.20118267,CC-BY-NC-ND-4.0,0009-0006-3773-7796
AUG-0651,indirect-communication-pattern,The Indirect Communication Pattern,The Indirect Communication Pattern,,,https://andreasehstandlicenseofclarityloc.github.io/augmanitai-stage-0/atlas/indirect-communication-pattern/,10.5281/zenodo.20118267,CC-BY-NC-ND-4.0,0009-0006-3773-7796
AUG-0647,individual-framed-input,The Individual-Framed Input,The Individual-Framed Input,,,https://andreasehstandlicenseofclarityloc.github.io/augmanitai-stage-0/atlas/individual-framed-input/,10.5281/zenodo.20118267,CC-BY-NC-ND-4.0,0009-0006-3773-7796
AUG-0413,infinite-scroll,The Infinite Scroll,The Infinite Scroll,,,https://andreasehstandlicenseofclarityloc.github.io/augmanitai-stage-0/atlas/infinite-scroll/,10.5281/zenodo.20118267,CC-BY-NC-ND-4.0,0009-0006-3773-7796
AUG-0772,informed-participation,The Informed Participation,The Informed Participation,,,https://andreasehstandlicenseofclarityloc.github.io/augmanitai-stage-0/atlas/informed-participation/,10.5281/zenodo.20118267,CC-BY-NC-ND-4.0,0009-0006-3773-7796
AUG-0855,infrastructure-against-effect,Infrastructure-Against Effect,Civilian-Use Grenze,,,https://andreasehstandlicenseofclarityloc.github.io/augmanitai-stage-0/atlas/infrastructure-against-effect/,10.5281/zenodo.20118267,CC-BY-NC-ND-4.0,0009-0006-3773-7796
AUG-0722,infrastructure-constraint,The Infrastructure Constraint,The Infrastructure Constraint,,,https://andreasehstandlicenseofclarityloc.github.io/augmanitai-stage-0/atlas/infrastructure-constraint/,10.5281/zenodo.20118267,CC-BY-NC-ND-4.0,0009-0006-3773-7796
AUG-0187,inheritance-question,The Inheritance Question,The Inheritance Question,,,https://andreasehstandlicenseofclarityloc.github.io/augmanitai-stage-0/atlas/inheritance-question/,10.5281/zenodo.20118267,CC-BY-NC-ND-4.0,0009-0006-3773-7796
AUG-0021,initialization-cascade,Initialization Cascade,Initialization Cascade,,,https://andreasehstandlicenseofclarityloc.github.io/augmanitai-stage-0/atlas/initialization-cascade/,10.5281/zenodo.20118267,CC-BY-NC-ND-4.0,0009-0006-3773-7796
AUG-STAGE0-inner-voice-signal,inner-voice-signal,Inner-Voice Signal,Innere Stimme,,,https://andreasehstandlicenseofclarityloc.github.io/augmanitai-stage-0/atlas/inner-voice-signal/,10.5281/zenodo.20118267,CC-BY-NC-ND-4.0,0009-0006-3773-7796
AUG-STAGE0-inner-voice,inner-voice,Inner Voice,Innere Stimme,,,https://andreasehstandlicenseofclarityloc.github.io/augmanitai-stage-0/atlas/inner-voice/,10.5281/zenodo.20118267,CC-BY-NC-ND-4.0,0009-0006-3773-7796
AUG-0826,innovation-theater,The Innovation Theater,The Innovation Theater,,,https://andreasehstandlicenseofclarityloc.github.io/augmanitai-stage-0/atlas/innovation-theater/,10.5281/zenodo.20118267,CC-BY-NC-ND-4.0,0009-0006-3773-7796
AUG-0646,input-inputs-effect,Input-Inputs Effect,Community-Framed Input,,,https://andreasehstandlicenseofclarityloc.github.io/augmanitai-stage-0/atlas/input-inputs-effect/,10.5281/zenodo.20118267,CC-BY-NC-ND-4.0,0009-0006-3773-7796
AUG-0552,input-output-exchange,The Input-Output Exchange,The Input-Output Exchange,,,https://andreasehstandlicenseofclarityloc.github.io/augmanitai-stage-0/atlas/input-output-exchange/,10.5281/zenodo.20118267,CC-BY-NC-ND-4.0,0009-0006-3773-7796
AUG-0911,inquiry-agent,The Inquiry Agent,The Inquiry Agent,,,https://andreasehstandlicenseofclarityloc.github.io/augmanitai-stage-0/atlas/inquiry-agent/,10.5281/zenodo.20118267,CC-BY-NC-ND-4.0,0009-0006-3773-7796
AUG-0388,inspiration-debt,The Inspiration Debt,The Inspiration Debt,,,https://andreasehstandlicenseofclarityloc.github.io/augmanitai-stage-0/atlas/inspiration-debt/,10.5281/zenodo.20118267,CC-BY-NC-ND-4.0,0009-0006-3773-7796
AUG-0377,inspiration-spark,The Inspiration Spark,The Inspiration Spark,,,https://andreasehstandlicenseofclarityloc.github.io/augmanitai-stage-0/atlas/inspiration-spark/,10.5281/zenodo.20118267,CC-BY-NC-ND-4.0,0009-0006-3773-7796
AUG-0576,insta-caption,The Insta Caption,The Insta Caption,,,https://andreasehstandlicenseofclarityloc.github.io/augmanitai-stage-0/atlas/insta-caption/,10.5281/zenodo.20118267,CC-BY-NC-ND-4.0,0009-0006-3773-7796
AUG-0244,instant-expert,The Instant Expert,The Instant Expert,,,https://andreasehstandlicenseofclarityloc.github.io/augmanitai-stage-0/atlas/instant-expert/,10.5281/zenodo.20118267,CC-BY-NC-ND-4.0,0009-0006-3773-7796
AUG-0779,institutional-learning-context,The Institutional Learning Context,The Institutional Learning Context,,,https://andreasehstandlicenseofclarityloc.github.io/augmanitai-stage-0/atlas/institutional-learning-context/,10.5281/zenodo.20118267,CC-BY-NC-ND-4.0,0009-0006-3773-7796
AUG-0798,institutional-policy-lag,The Institutional Policy Lag,The Institutional Policy Lag,,,https://andreasehstandlicenseofclarityloc.github.io/augmanitai-stage-0/atlas/institutional-policy-lag/,10.5281/zenodo.20118267,CC-BY-NC-ND-4.0,0009-0006-3773-7796
AUG-0785,instructor-ai-interaction,The Instructor-AI Interaction,The Instructor-AI Interaction,,,https://andreasehstandlicenseofclarityloc.github.io/augmanitai-stage-0/atlas/instructor-ai-interaction/,10.5281/zenodo.20118267,CC-BY-NC-ND-4.0,0009-0006-3773-7796
AUG-0005,integrated-operator,The Integrated Operator,The Integrated Operator,,,https://andreasehstandlicenseofclarityloc.github.io/augmanitai-stage-0/atlas/integrated-operator/,10.5281/zenodo.20118267,CC-BY-NC-ND-4.0,0009-0006-3773-7796
AUG-0130,integration-frontier,The Integration Frontier,The Integration Frontier,,,https://andreasehstandlicenseofclarityloc.github.io/augmanitai-stage-0/atlas/integration-frontier/,10.5281/zenodo.20118267,CC-BY-NC-ND-4.0,0009-0006-3773-7796
AUG-0684,integration-range,The Integration Range,The Integration Range,,,https://andreasehstandlicenseofclarityloc.github.io/augmanitai-stage-0/atlas/integration-range/,10.5281/zenodo.20118267,CC-BY-NC-ND-4.0,0009-0006-3773-7796
AUG-0536,intellectual-pose,The Intellectual Pose,The Intellectual Pose,,,https://andreasehstandlicenseofclarityloc.github.io/augmanitai-stage-0/atlas/intellectual-pose/,10.5281/zenodo.20118267,CC-BY-NC-ND-4.0,0009-0006-3773-7796
AUG-STAGE0-inter-know-tendency,inter-know-tendency,Inter-Know Tendency,Zwischen-Wissen,,,https://andreasehstandlicenseofclarityloc.github.io/augmanitai-stage-0/atlas/inter-know-tendency/,10.5281/zenodo.20118267,CC-BY-NC-ND-4.0,0009-0006-3773-7796
AUG-STAGE0-inter-know,inter-know,Inter Know,Zwischen-Wissen,,,https://andreasehstandlicenseofclarityloc.github.io/augmanitai-stage-0/atlas/inter-know/,10.5281/zenodo.20118267,CC-BY-NC-ND-4.0,0009-0006-3773-7796
AUG-STAGE0-interaction-collapse-effect,interaction-collapse-effect,Interaction-Collapse Effect,Sitzungs-Zusammenbruch,,,https://andreasehstandlicenseofclarityloc.github.io/augmanitai-stage-0/atlas/interaction-collapse-effect/,10.5281/zenodo.20118267,CC-BY-NC-ND-4.0,0009-0006-3773-7796
AUG-0142,interface-invisible-effect,Interface-Invisible Effect,Post-Interface Hypothesis,,,https://andreasehstandlicenseofclarityloc.github.io/augmanitai-stage-0/atlas/interface-invisible-effect/,10.5281/zenodo.20118267,CC-BY-NC-ND-4.0,0009-0006-3773-7796
AUG-0851,internal-disclosure-pattern,The Internal Disclosure Pattern,The Internal Disclosure Pattern,,,https://andreasehstandlicenseofclarityloc.github.io/augmanitai-stage-0/atlas/internal-disclosure-pattern/,10.5281/zenodo.20118267,CC-BY-NC-ND-4.0,0009-0006-3773-7796
AUG-STAGE0-interruption-resistance-marker,interruption-resistance-marker,Interruption-Resistance Marker,Pausen-Widerstand,,,https://andreasehstandlicenseofclarityloc.github.io/augmanitai-stage-0/atlas/interruption-resistance-marker/,10.5281/zenodo.20118267,CC-BY-NC-ND-4.0,0009-0006-3773-7796
AUG-0372,introvert-shield,The Introvert Shield,The Introvert Shield,,,https://andreasehstandlicenseofclarityloc.github.io/augmanitai-stage-0/atlas/introvert-shield/,10.5281/zenodo.20118267,CC-BY-NC-ND-4.0,0009-0006-3773-7796
AUG-0161,invisible-colleague,The Invisible Colleague,The Invisible Colleague,,,https://andreasehstandlicenseofclarityloc.github.io/augmanitai-stage-0/atlas/invisible-colleague/,10.5281/zenodo.20118267,CC-BY-NC-ND-4.0,0009-0006-3773-7796
AUG-0419,invisible-editor,The Invisible Editor,The Invisible Editor,,,https://andreasehstandlicenseofclarityloc.github.io/augmanitai-stage-0/atlas/invisible-editor/,10.5281/zenodo.20118267,CC-BY-NC-ND-4.0,0009-0006-3773-7796
AUG-0203,invisible-effort,The Invisible Effort,The Invisible Effort,,,https://andreasehstandlicenseofclarityloc.github.io/augmanitai-stage-0/atlas/invisible-effort/,10.5281/zenodo.20118267,CC-BY-NC-ND-4.0,0009-0006-3773-7796
AUG-0195,invisible-growth,The Invisible Growth,The Invisible Growth,,,https://andreasehstandlicenseofclarityloc.github.io/augmanitai-stage-0/atlas/invisible-growth/,10.5281/zenodo.20118267,CC-BY-NC-ND-4.0,0009-0006-3773-7796
AUG-0237,invisible-wingman,The Invisible Wingman,The Invisible Wingman,,,https://andreasehstandlicenseofclarityloc.github.io/augmanitai-stage-0/atlas/invisible-wingman/,10.5281/zenodo.20118267,CC-BY-NC-ND-4.0,0009-0006-3773-7796
AUG-0136,iteration-discipline,The Iteration Discipline,The Iteration Discipline,,,https://andreasehstandlicenseofclarityloc.github.io/augmanitai-stage-0/atlas/iteration-discipline/,10.5281/zenodo.20118267,CC-BY-NC-ND-4.0,0009-0006-3773-7796
AUG-0498,jargon-filter,The Jargon Filter,The Jargon Filter,,,https://andreasehstandlicenseofclarityloc.github.io/augmanitai-stage-0/atlas/jargon-filter/,10.5281/zenodo.20118267,CC-BY-NC-ND-4.0,0009-0006-3773-7796
AUG-0436,jargon-shield,The Jargon Shield,The Jargon Shield,,,https://andreasehstandlicenseofclarityloc.github.io/augmanitai-stage-0/atlas/jargon-shield/,10.5281/zenodo.20118267,CC-BY-NC-ND-4.0,0009-0006-3773-7796
AUG-0508,joke-explainer,The Joke Explainer,The Joke Explainer,,,https://andreasehstandlicenseofclarityloc.github.io/augmanitai-stage-0/atlas/joke-explainer/,10.5281/zenodo.20118267,CC-BY-NC-ND-4.0,0009-0006-3773-7796
AUG-0487,joke-failure,The Joke Failure,The Joke Failure,,,https://andreasehstandlicenseofclarityloc.github.io/augmanitai-stage-0/atlas/joke-failure/,10.5281/zenodo.20118267,CC-BY-NC-ND-4.0,0009-0006-3773-7796
AUG-0110,joy-imperative,The Joy Imperative,The Joy Imperative,,,https://andreasehstandlicenseofclarityloc.github.io/augmanitai-stage-0/atlas/joy-imperative/,10.5281/zenodo.20118267,CC-BY-NC-ND-4.0,0009-0006-3773-7796
AUG-0043,just-in-time-competence,Just-in-Time Competence,Just-in-Time Competence,,,https://andreasehstandlicenseofclarityloc.github.io/augmanitai-stage-0/atlas/just-in-time-competence/,10.5281/zenodo.20118267,CC-BY-NC-ND-4.0,0009-0006-3773-7796
AUG-0401,juxtapose-decision-effect,Juxtapose-Decision Effect,Pro-Con Check,,,https://andreasehstandlicenseofclarityloc.github.io/augmanitai-stage-0/atlas/juxtapose-decision-effect/,10.5281/zenodo.20118267,CC-BY-NC-ND-4.0,0009-0006-3773-7796
AUG-0317,kept-typo,The Kept Typo,The Kept Typo,,,https://andreasehstandlicenseofclarityloc.github.io/augmanitai-stage-0/atlas/kept-typo/,10.5281/zenodo.20118267,CC-BY-NC-ND-4.0,0009-0006-3773-7796
AUG-0775,ki-free-zone,The KI-Free Zone,The KI-Free Zone,,,https://andreasehstandlicenseofclarityloc.github.io/augmanitai-stage-0/atlas/ki-free-zone/,10.5281/zenodo.20118267,CC-BY-NC-ND-4.0,0009-0006-3773-7796
AUG-0288,kindness-shock,The Kindness Shock,The Kindness Shock,,,https://andreasehstandlicenseofclarityloc.github.io/augmanitai-stage-0/atlas/kindness-shock/,10.5281/zenodo.20118267,CC-BY-NC-ND-4.0,0009-0006-3773-7796
AUG-0039,kinetic-truth-blur,Kinetic Truth Blur,Kinetic Truth Blur,,,https://andreasehstandlicenseofclarityloc.github.io/augmanitai-stage-0/atlas/kinetic-truth-blur/,10.5281/zenodo.20118267,CC-BY-NC-ND-4.0,0009-0006-3773-7796
AUG-0365,kitchen-block,The Kitchen Block,The Kitchen Block,,,https://andreasehstandlicenseofclarityloc.github.io/augmanitai-stage-0/atlas/kitchen-block/,10.5281/zenodo.20118267,CC-BY-NC-ND-4.0,0009-0006-3773-7796
AUG-0251,kitchen-table,The Kitchen Table,The Kitchen Table,,,https://andreasehstandlicenseofclarityloc.github.io/augmanitai-stage-0/atlas/kitchen-table/,10.5281/zenodo.20118267,CC-BY-NC-ND-4.0,0009-0006-3773-7796
AUG-0511,knitter-knot,The Knitter Knot,The Knitter Knot,,,https://andreasehstandlicenseofclarityloc.github.io/augmanitai-stage-0/atlas/knitter-knot/,10.5281/zenodo.20118267,CC-BY-NC-ND-4.0,0009-0006-3773-7796
AUG-0426,knitting-fix,The Knitting Fix,The Knitting Fix,,,https://andreasehstandlicenseofclarityloc.github.io/augmanitai-stage-0/atlas/knitting-fix/,10.5281/zenodo.20118267,CC-BY-NC-ND-4.0,0009-0006-3773-7796
AUG-0808,knowledge-access-pattern,The Knowledge Access Pattern,The Knowledge Access Pattern,,,https://andreasehstandlicenseofclarityloc.github.io/augmanitai-stage-0/atlas/knowledge-access-pattern/,10.5281/zenodo.20118267,CC-BY-NC-ND-4.0,0009-0006-3773-7796
AUG-0384,knowledge-challenger,The Knowledge Challenger,The Knowledge Challenger,,,https://andreasehstandlicenseofclarityloc.github.io/augmanitai-stage-0/atlas/knowledge-challenger/,10.5281/zenodo.20118267,CC-BY-NC-ND-4.0,0009-0006-3773-7796
AUG-0139,knowledge-composting,The Knowledge Composting,The Knowledge Composting,,,https://andreasehstandlicenseofclarityloc.github.io/augmanitai-stage-0/atlas/knowledge-composting/,10.5281/zenodo.20118267,CC-BY-NC-ND-4.0,0009-0006-3773-7796
AUG-0466,knowledge-gap,The Knowledge Gap,The Knowledge Gap,,,https://andreasehstandlicenseofclarityloc.github.io/augmanitai-stage-0/atlas/knowledge-gap/,10.5281/zenodo.20118267,CC-BY-NC-ND-4.0,0009-0006-3773-7796
AUG-0896,knowledge-sharing-layer,The Knowledge Sharing Layer,The Knowledge Sharing Layer,,,https://andreasehstandlicenseofclarityloc.github.io/augmanitai-stage-0/atlas/knowledge-sharing-layer/,10.5281/zenodo.20118267,CC-BY-NC-ND-4.0,0009-0006-3773-7796
AUG-0817,knowledge-silo-break,The Knowledge Silo Break,The Knowledge Silo Break,,,https://andreasehstandlicenseofclarityloc.github.io/augmanitai-stage-0/atlas/knowledge-silo-break/,10.5281/zenodo.20118267,CC-BY-NC-ND-4.0,0009-0006-3773-7796
AUG-0376,knowledge-sip,The Knowledge Sip,The Knowledge Sip,,,https://andreasehstandlicenseofclarityloc.github.io/augmanitai-stage-0/atlas/knowledge-sip/,10.5281/zenodo.20118267,CC-BY-NC-ND-4.0,0009-0006-3773-7796
AUG-STAGE0-known-full-response,known-full-response,Known-Full Response,Völlig Bekannt,,,https://andreasehstandlicenseofclarityloc.github.io/augmanitai-stage-0/atlas/known-full-response/,10.5281/zenodo.20118267,CC-BY-NC-ND-4.0,0009-0006-3773-7796
AUG-STAGE0-known-full,known-full,Known Full,Völlig Bekannt,,,https://andreasehstandlicenseofclarityloc.github.io/augmanitai-stage-0/atlas/known-full/,10.5281/zenodo.20118267,CC-BY-NC-ND-4.0,0009-0006-3773-7796
AUG-0847,labor-redistribution,The Labor Redistribution,The Labor Redistribution,,,https://andreasehstandlicenseofclarityloc.github.io/augmanitai-stage-0/atlas/labor-redistribution/,10.5281/zenodo.20118267,CC-BY-NC-ND-4.0,0009-0006-3773-7796
AUG-0753,lacking-encounter-effect,Lacking-Encounter Effect,First-Contact Perspective,,,https://andreasehstandlicenseofclarityloc.github.io/augmanitai-stage-0/atlas/lacking-encounter-effect/,10.5281/zenodo.20118267,CC-BY-NC-ND-4.0,0009-0006-3773-7796
AUG-0513,language-buddy,The Language Buddy,The Language Buddy,,,https://andreasehstandlicenseofclarityloc.github.io/augmanitai-stage-0/atlas/language-buddy/,10.5281/zenodo.20118267,CC-BY-NC-ND-4.0,0009-0006-3773-7796
AUG-0710,language-confidence-differential,The Language Confidence Differential,The Language Confidence Differential,,,https://andreasehstandlicenseofclarityloc.github.io/augmanitai-stage-0/atlas/language-confidence-differential/,10.5281/zenodo.20118267,CC-BY-NC-ND-4.0,0009-0006-3773-7796
AUG-0328,language-ladder,The Language Ladder,The Language Ladder,,,https://andreasehstandlicenseofclarityloc.github.io/augmanitai-stage-0/atlas/language-ladder/,10.5281/zenodo.20118267,CC-BY-NC-ND-4.0,0009-0006-3773-7796
AUG-0385,language-limb,The Language Limb,The Language Limb,,,https://andreasehstandlicenseofclarityloc.github.io/augmanitai-stage-0/atlas/language-limb/,10.5281/zenodo.20118267,CC-BY-NC-ND-4.0,0009-0006-3773-7796
AUG-0267,language-unlock,The Language Unlock,The Language Unlock,,,https://andreasehstandlicenseofclarityloc.github.io/augmanitai-stage-0/atlas/language-unlock/,10.5281/zenodo.20118267,CC-BY-NC-ND-4.0,0009-0006-3773-7796
AUG-0607,last-secret,The Last Secret,The Last Secret,,,https://andreasehstandlicenseofclarityloc.github.io/augmanitai-stage-0/atlas/last-secret/,10.5281/zenodo.20118267,CC-BY-NC-ND-4.0,0009-0006-3773-7796
AUG-0149,lasting-impact-question,The Lasting Impact Question,The Lasting Impact Question,,,https://andreasehstandlicenseofclarityloc.github.io/augmanitai-stage-0/atlas/lasting-impact-question/,10.5281/zenodo.20118267,CC-BY-NC-ND-4.0,0009-0006-3773-7796
AUG-0598,lasting-post,The Lasting Post,The Lasting Post,,,https://andreasehstandlicenseofclarityloc.github.io/augmanitai-stage-0/atlas/lasting-post/,10.5281/zenodo.20118267,CC-BY-NC-ND-4.0,0009-0006-3773-7796
AUG-0432,lasting-voice,The Lasting Voice,The Lasting Voice,,,https://andreasehstandlicenseofclarityloc.github.io/augmanitai-stage-0/atlas/lasting-voice/,10.5281/zenodo.20118267,CC-BY-NC-ND-4.0,0009-0006-3773-7796
AUG-0295,late-adopter-view,The Late Adopter View,The Late Adopter View,,,https://andreasehstandlicenseofclarityloc.github.io/augmanitai-stage-0/atlas/late-adopter-view/,10.5281/zenodo.20118267,CC-BY-NC-ND-4.0,0009-0006-3773-7796
AUG-0227,late-idea,The Late Idea,The Late Idea,,,https://andreasehstandlicenseofclarityloc.github.io/augmanitai-stage-0/atlas/late-idea/,10.5281/zenodo.20118267,CC-BY-NC-ND-4.0,0009-0006-3773-7796
AUG-0185,late-night-ally,The Late-Night Ally,The Late-Night Ally,,,https://andreasehstandlicenseofclarityloc.github.io/augmanitai-stage-0/atlas/late-night-ally/,10.5281/zenodo.20118267,CC-BY-NC-ND-4.0,0009-0006-3773-7796
AUG-0209,late-night-architect,The Late-Night Architect,The Late-Night Architect,,,https://andreasehstandlicenseofclarityloc.github.io/augmanitai-stage-0/atlas/late-night-architect/,10.5281/zenodo.20118267,CC-BY-NC-ND-4.0,0009-0006-3773-7796
AUG-0390,late-night-confidant,The Late-Night Confidant,The Late-Night Confidant,,,https://andreasehstandlicenseofclarityloc.github.io/augmanitai-stage-0/atlas/late-night-confidant/,10.5281/zenodo.20118267,CC-BY-NC-ND-4.0,0009-0006-3773-7796
AUG-0154,late-night-honesty-window,The Late-Night Honesty Window,The Late-Night Honesty Window,,,https://andreasehstandlicenseofclarityloc.github.io/augmanitai-stage-0/atlas/late-night-honesty-window/,10.5281/zenodo.20118267,CC-BY-NC-ND-4.0,0009-0006-3773-7796
AUG-0327,late-night-overshare,The Late-Night Overshare,The Late-Night Overshare,,,https://andreasehstandlicenseofclarityloc.github.io/augmanitai-stage-0/atlas/late-night-overshare/,10.5281/zenodo.20118267,CC-BY-NC-ND-4.0,0009-0006-3773-7796
AUG-0324,late-spark,The Late Spark,The Late Spark,,,https://andreasehstandlicenseofclarityloc.github.io/augmanitai-stage-0/atlas/late-spark/,10.5281/zenodo.20118267,CC-BY-NC-ND-4.0,0009-0006-3773-7796
AUG-0489,launchpad,The Launchpad,The Launchpad,,,https://andreasehstandlicenseofclarityloc.github.io/augmanitai-stage-0/atlas/launchpad/,10.5281/zenodo.20118267,CC-BY-NC-ND-4.0,0009-0006-3773-7796
AUG-0650,layer-references-effect,Layer-References Effect,Context-Sensitive Query,,,https://andreasehstandlicenseofclarityloc.github.io/augmanitai-stage-0/atlas/layer-references-effect/,10.5281/zenodo.20118267,CC-BY-NC-ND-4.0,0009-0006-3773-7796
AUG-0812,leadership-navigation,The Leadership Navigation,The Leadership Navigation,,,https://andreasehstandlicenseofclarityloc.github.io/augmanitai-stage-0/atlas/leadership-navigation/,10.5281/zenodo.20118267,CC-BY-NC-ND-4.0,0009-0006-3773-7796
AUG-0760,learner-reliance-observation,The Learner Reliance Observation,The Learner Reliance Observation,,,https://andreasehstandlicenseofclarityloc.github.io/augmanitai-stage-0/atlas/learner-reliance-observation/,10.5281/zenodo.20118267,CC-BY-NC-ND-4.0,0009-0006-3773-7796
AUG-0876,learning-boundary,The Learning Boundary,The Learning Boundary,,,https://andreasehstandlicenseofclarityloc.github.io/augmanitai-stage-0/atlas/learning-boundary/,10.5281/zenodo.20118267,CC-BY-NC-ND-4.0,0009-0006-3773-7796
AUG-0781,learning-task-boundary,The Learning Task Boundary,The Learning Task Boundary,,,https://andreasehstandlicenseofclarityloc.github.io/augmanitai-stage-0/atlas/learning-task-boundary/,10.5281/zenodo.20118267,CC-BY-NC-ND-4.0,0009-0006-3773-7796
AUG-0786,lecture-companion,The Lecture Companion,The Lecture Companion,,,https://andreasehstandlicenseofclarityloc.github.io/augmanitai-stage-0/atlas/lecture-companion/,10.5281/zenodo.20118267,CC-BY-NC-ND-4.0,0009-0006-3773-7796
AUG-0483,leftover-puzzle,The Leftover Puzzle,The Leftover Puzzle,,,https://andreasehstandlicenseofclarityloc.github.io/augmanitai-stage-0/atlas/leftover-puzzle/,10.5281/zenodo.20118267,CC-BY-NC-ND-4.0,0009-0006-3773-7796
AUG-0971,legacy-integration,The Legacy Integration,The Legacy Integration,,,https://andreasehstandlicenseofclarityloc.github.io/augmanitai-stage-0/atlas/legacy-integration/,10.5281/zenodo.20118267,CC-BY-NC-ND-4.0,0009-0006-3773-7796
AUG-0688,less-language-effect,Less-Language Effect,Less-Resourced Language Differential,,,https://andreasehstandlicenseofclarityloc.github.io/augmanitai-stage-0/atlas/less-language-effect/,10.5281/zenodo.20118267,CC-BY-NC-ND-4.0,0009-0006-3773-7796
AUG-0688,less-resourced-language-differential,The Less-Resourced Language Differential,The Less-Resourced Language Differential,,,https://andreasehstandlicenseofclarityloc.github.io/augmanitai-stage-0/atlas/less-resourced-language-differential/,10.5281/zenodo.20118267,CC-BY-NC-ND-4.0,0009-0006-3773-7796
AUG-0519,letter-decipher,The Letter Decipher,The Letter Decipher,,,https://andreasehstandlicenseofclarityloc.github.io/augmanitai-stage-0/atlas/letter-decipher/,10.5281/zenodo.20118267,CC-BY-NC-ND-4.0,0009-0006-3773-7796
AUG-0119,level-playing-field,The Level Playing Field,The Level Playing Field,,,https://andreasehstandlicenseofclarityloc.github.io/augmanitai-stage-0/atlas/level-playing-field/,10.5281/zenodo.20118267,CC-BY-NC-ND-4.0,0009-0006-3773-7796
AUG-0563,level-selector,The Level Selector,The Level Selector,,,https://andreasehstandlicenseofclarityloc.github.io/augmanitai-stage-0/atlas/level-selector/,10.5281/zenodo.20118267,CC-BY-NC-ND-4.0,0009-0006-3773-7796
AUG-0726,library-access-point,The Library Access Point,The Library Access Point,,,https://andreasehstandlicenseofclarityloc.github.io/augmanitai-stage-0/atlas/library-access-point/,10.5281/zenodo.20118267,CC-BY-NC-ND-4.0,0009-0006-3773-7796
AUG-0788,library-transformation,The Library Transformation,The Library Transformation,,,https://andreasehstandlicenseofclarityloc.github.io/augmanitai-stage-0/atlas/library-transformation/,10.5281/zenodo.20118267,CC-BY-NC-ND-4.0,0009-0006-3773-7796
AUG-0807,lifelong-learning-loop,The Lifelong Learning Loop,The Lifelong Learning Loop,,,https://andreasehstandlicenseofclarityloc.github.io/augmanitai-stage-0/atlas/lifelong-learning-loop/,10.5281/zenodo.20118267,CC-BY-NC-ND-4.0,0009-0006-3773-7796
AUG-STAGE0-limb-press-dynamic,limb-press-dynamic,Limb-Press Dynamic,Glied-Druck,,,https://andreasehstandlicenseofclarityloc.github.io/augmanitai-stage-0/atlas/limb-press-dynamic/,10.5281/zenodo.20118267,CC-BY-NC-ND-4.0,0009-0006-3773-7796
AUG-STAGE0-limb-press,limb-press,Limb Press,Glied-Druck,,,https://andreasehstandlicenseofclarityloc.github.io/augmanitai-stage-0/atlas/limb-press/,10.5281/zenodo.20118267,CC-BY-NC-ND-4.0,0009-0006-3773-7796
AUG-0686,lingua-franca-effect,The Lingua Franca Effect,The Lingua Franca Effect,,,https://andreasehstandlicenseofclarityloc.github.io/augmanitai-stage-0/atlas/lingua-franca-effect/,10.5281/zenodo.20118267,CC-BY-NC-ND-4.0,0009-0006-3773-7796
AUG-0637,link-forward,The Link Forward,The Link Forward,,,https://andreasehstandlicenseofclarityloc.github.io/augmanitai-stage-0/atlas/link-forward/,10.5281/zenodo.20118267,CC-BY-NC-ND-4.0,0009-0006-3773-7796
AUG-0616,link-tuning,The Link Tuning,The Link Tuning,,,https://andreasehstandlicenseofclarityloc.github.io/augmanitai-stage-0/atlas/link-tuning/,10.5281/zenodo.20118267,CC-BY-NC-ND-4.0,0009-0006-3773-7796
AUG-0037,liquid-facticity,Liquid Facticity,Liquid Facticity,,,https://andreasehstandlicenseofclarityloc.github.io/augmanitai-stage-0/atlas/liquid-facticity/,10.5281/zenodo.20118267,CC-BY-NC-ND-4.0,0009-0006-3773-7796
AUG-0963,load-verification,The Load Verification,The Load Verification,,,https://andreasehstandlicenseofclarityloc.github.io/augmanitai-stage-0/atlas/load-verification/,10.5281/zenodo.20118267,CC-BY-NC-ND-4.0,0009-0006-3773-7796
AUG-0261,loading-screen-wait,The Loading Screen Wait,The Loading Screen Wait,,,https://andreasehstandlicenseofclarityloc.github.io/augmanitai-stage-0/atlas/loading-screen-wait/,10.5281/zenodo.20118267,CC-BY-NC-ND-4.0,0009-0006-3773-7796
AUG-0720,loanword-integration,The Loanword Integration,The Loanword Integration,,,https://andreasehstandlicenseofclarityloc.github.io/augmanitai-stage-0/atlas/loanword-integration/,10.5281/zenodo.20118267,CC-BY-NC-ND-4.0,0009-0006-3773-7796
AUG-0778,lobby-influence-pattern,The Lobby Influence Pattern,The Lobby Influence Pattern,,,https://andreasehstandlicenseofclarityloc.github.io/augmanitai-stage-0/atlas/lobby-influence-pattern/,10.5281/zenodo.20118267,CC-BY-NC-ND-4.0,0009-0006-3773-7796
AUG-0740,local-knowledge-system,The Local Knowledge System,The Local Knowledge System,,,https://andreasehstandlicenseofclarityloc.github.io/augmanitai-stage-0/atlas/local-knowledge-system/,10.5281/zenodo.20118267,CC-BY-NC-ND-4.0,0009-0006-3773-7796
AUG-0731,local-model,The Local Model,The Local Model,,,https://andreasehstandlicenseofclarityloc.github.io/augmanitai-stage-0/atlas/local-model/,10.5281/zenodo.20118267,CC-BY-NC-ND-4.0,0009-0006-3773-7796
AUG-0730,lock-model-effect,Lock-Model Effect,Open-Source Path,,,https://andreasehstandlicenseofclarityloc.github.io/augmanitai-stage-0/atlas/lock-model-effect/,10.5281/zenodo.20118267,CC-BY-NC-ND-4.0,0009-0006-3773-7796
AUG-0395,long-term-chat,The Long-Term Chat,The Long-Term Chat,,,https://andreasehstandlicenseofclarityloc.github.io/augmanitai-stage-0/atlas/long-term-chat/,10.5281/zenodo.20118267,CC-BY-NC-ND-4.0,0009-0006-3773-7796
AUG-0307,lookup-for-others,The Lookup for Others,The Lookup for Others,,,https://andreasehstandlicenseofclarityloc.github.io/augmanitai-stage-0/atlas/lookup-for-others/,10.5281/zenodo.20118267,CC-BY-NC-ND-4.0,0009-0006-3773-7796
AUG-0862,loop-related-effect,Loop-Related Effect,Supervision Spectrum,,,https://andreasehstandlicenseofclarityloc.github.io/augmanitai-stage-0/atlas/loop-related-effect/,10.5281/zenodo.20118267,CC-BY-NC-ND-4.0,0009-0006-3773-7796
AUG-0570,lore-keeper,The Lore Keeper,The Lore Keeper,,,https://andreasehstandlicenseofclarityloc.github.io/augmanitai-stage-0/atlas/lore-keeper/,10.5281/zenodo.20118267,CC-BY-NC-ND-4.0,0009-0006-3773-7796
AUG-0277,loyalty-glitch,The Loyalty Glitch,The Loyalty Glitch,,,https://andreasehstandlicenseofclarityloc.github.io/augmanitai-stage-0/atlas/loyalty-glitch/,10.5281/zenodo.20118267,CC-BY-NC-ND-4.0,0009-0006-3773-7796
AUG-0594,loyalty-system-effect,Loyalty-System Effect,One-Way Bond,,,https://andreasehstandlicenseofclarityloc.github.io/augmanitai-stage-0/atlas/loyalty-system-effect/,10.5281/zenodo.20118267,CC-BY-NC-ND-4.0,0009-0006-3773-7796
AUG-STAGE0-loyalty-to-specific-systems,loyalty-to-specific-systems,Loyalty to Specific Systems,Loyalitaet zu Spezifischen Systemen,,,https://andreasehstandlicenseofclarityloc.github.io/augmanitai-stage-0/atlas/loyalty-to-specific-systems/,10.5281/zenodo.20118267,CC-BY-NC-ND-4.0,0009-0006-3773-7796
AUG-0249,lullaby-loop,The Lullaby Loop,The Lullaby Loop,,,https://andreasehstandlicenseofclarityloc.github.io/augmanitai-stage-0/atlas/lullaby-loop/,10.5281/zenodo.20118267,CC-BY-NC-ND-4.0,0009-0006-3773-7796
AUG-0485,lyric-finder,The Lyric Finder,The Lyric Finder,,,https://andreasehstandlicenseofclarityloc.github.io/augmanitai-stage-0/atlas/lyric-finder/,10.5281/zenodo.20118267,CC-BY-NC-ND-4.0,0009-0006-3773-7796
AUG-0980,machine-rapport-illusion,The Machine Rapport Illusion,The Machine Rapport Illusion,,,https://andreasehstandlicenseofclarityloc.github.io/augmanitai-stage-0/atlas/machine-rapport-illusion/,10.5281/zenodo.20118267,CC-BY-NC-ND-4.0,0009-0006-3773-7796
AUG-0942,maintenance-prediction,The Maintenance Prediction,The Maintenance Prediction,,,https://andreasehstandlicenseofclarityloc.github.io/augmanitai-stage-0/atlas/maintenance-prediction/,10.5281/zenodo.20118267,CC-BY-NC-ND-4.0,0009-0006-3773-7796
AUG-0643,manual-error,The Manual Error,The Manual Error,,,https://andreasehstandlicenseofclarityloc.github.io/augmanitai-stage-0/atlas/manual-error/,10.5281/zenodo.20118267,CC-BY-NC-ND-4.0,0009-0006-3773-7796
AUG-0474,math-shortcut,The Math Shortcut,The Math Shortcut,,,https://andreasehstandlicenseofclarityloc.github.io/augmanitai-stage-0/atlas/math-shortcut/,10.5281/zenodo.20118267,CC-BY-NC-ND-4.0,0009-0006-3773-7796
AUG-0835,media-framing-effect,The Media Framing Effect,The Media Framing Effect,,,https://andreasehstandlicenseofclarityloc.github.io/augmanitai-stage-0/atlas/media-framing-effect/,10.5281/zenodo.20118267,CC-BY-NC-ND-4.0,0009-0006-3773-7796
AUG-0617,mediocrity-loop,The Mediocrity Loop,The Mediocrity Loop,,,https://andreasehstandlicenseofclarityloc.github.io/augmanitai-stage-0/atlas/mediocrity-loop/,10.5281/zenodo.20118267,CC-BY-NC-ND-4.0,0009-0006-3773-7796
AUG-0612,meeting-point,The Meeting Point,The Meeting Point,,,https://andreasehstandlicenseofclarityloc.github.io/augmanitai-stage-0/atlas/meeting-point/,10.5281/zenodo.20118267,CC-BY-NC-ND-4.0,0009-0006-3773-7796
AUG-0814,meeting-redirect,The Meeting Redirect,The Meeting Redirect,,,https://andreasehstandlicenseofclarityloc.github.io/augmanitai-stage-0/atlas/meeting-redirect/,10.5281/zenodo.20118267,CC-BY-NC-ND-4.0,0009-0006-3773-7796
AUG-0309,meme-that-thinks,The Meme That Thinks,The Meme That Thinks,,,https://andreasehstandlicenseofclarityloc.github.io/augmanitai-stage-0/atlas/meme-that-thinks/,10.5281/zenodo.20118267,CC-BY-NC-ND-4.0,0009-0006-3773-7796
AUG-0467,memory-anchor,The Memory Anchor,The Memory Anchor,,,https://andreasehstandlicenseofclarityloc.github.io/augmanitai-stage-0/atlas/memory-anchor/,10.5281/zenodo.20118267,CC-BY-NC-ND-4.0,0009-0006-3773-7796
AUG-0599,memory-bank,The Memory Bank,The Memory Bank,,,https://andreasehstandlicenseofclarityloc.github.io/augmanitai-stage-0/atlas/memory-bank/,10.5281/zenodo.20118267,CC-BY-NC-ND-4.0,0009-0006-3773-7796
AUG-0635,memory-edit,The Memory Edit,The Memory Edit,,,https://andreasehstandlicenseofclarityloc.github.io/augmanitai-stage-0/atlas/memory-edit/,10.5281/zenodo.20118267,CC-BY-NC-ND-4.0,0009-0006-3773-7796
AUG-0532,memory-hole,The Memory Hole,The Memory Hole,,,https://andreasehstandlicenseofclarityloc.github.io/augmanitai-stage-0/atlas/memory-hole/,10.5281/zenodo.20118267,CC-BY-NC-ND-4.0,0009-0006-3773-7796
AUG-0352,memory-jar,The Memory Jar,The Memory Jar,,,https://andreasehstandlicenseofclarityloc.github.io/augmanitai-stage-0/atlas/memory-jar/,10.5281/zenodo.20118267,CC-BY-NC-ND-4.0,0009-0006-3773-7796
AUG-0410,memory-lane,The Memory Lane,The Memory Lane,,,https://andreasehstandlicenseofclarityloc.github.io/augmanitai-stage-0/atlas/memory-lane/,10.5281/zenodo.20118267,CC-BY-NC-ND-4.0,0009-0006-3773-7796
AUG-0393,memory-outsourcing,The Memory Outsourcing,The Memory Outsourcing,,,https://andreasehstandlicenseofclarityloc.github.io/augmanitai-stage-0/atlas/memory-outsourcing/,10.5281/zenodo.20118267,CC-BY-NC-ND-4.0,0009-0006-3773-7796
AUG-0877,memory-persistence,The Memory Persistence,The Memory Persistence,,,https://andreasehstandlicenseofclarityloc.github.io/augmanitai-stage-0/atlas/memory-persistence/,10.5281/zenodo.20118267,CC-BY-NC-ND-4.0,0009-0006-3773-7796
AUG-0497,memory-scaffold,The Memory Scaffold,The Memory Scaffold,,,https://andreasehstandlicenseofclarityloc.github.io/augmanitai-stage-0/atlas/memory-scaffold/,10.5281/zenodo.20118267,CC-BY-NC-ND-4.0,0009-0006-3773-7796
AUG-0002,mentale-externalisierungsstrategie,Mentale Externalisierungsstrategie,Mentale Externalisierungsstrategie,,,https://andreasehstandlicenseofclarityloc.github.io/augmanitai-stage-0/atlas/mentale-externalisierungsstrategie/,10.5281/zenodo.20118267,CC-BY-NC-ND-4.0,0009-0006-3773-7796
AUG-0797,mentorship-augmentation,The Mentorship Augmentation,The Mentorship Augmentation,,,https://andreasehstandlicenseofclarityloc.github.io/augmanitai-stage-0/atlas/mentorship-augmentation/,10.5281/zenodo.20118267,CC-BY-NC-ND-4.0,0009-0006-3773-7796
AUG-0274,message-drafting,The Message Drafting,The Message Drafting,,,https://andreasehstandlicenseofclarityloc.github.io/augmanitai-stage-0/atlas/message-drafting/,10.5281/zenodo.20118267,CC-BY-NC-ND-4.0,0009-0006-3773-7796
AUG-0264,micro-win,The Micro Win,The Micro Win,,,https://andreasehstandlicenseofclarityloc.github.io/augmanitai-stage-0/atlas/micro-win/,10.5281/zenodo.20118267,CC-BY-NC-ND-4.0,0009-0006-3773-7796
AUG-0754,mid-range-transition,The Mid-Range Transition,The Mid-Range Transition,,,https://andreasehstandlicenseofclarityloc.github.io/augmanitai-stage-0/atlas/mid-range-transition/,10.5281/zenodo.20118267,CC-BY-NC-ND-4.0,0009-0006-3773-7796
AUG-0679,migration-context-bridge,The Migration Context Bridge,The Migration Context Bridge,,,https://andreasehstandlicenseofclarityloc.github.io/augmanitai-stage-0/atlas/migration-context-bridge/,10.5281/zenodo.20118267,CC-BY-NC-ND-4.0,0009-0006-3773-7796
AUG-0743,mobile-first-society,The Mobile-First Society,The Mobile-First Society,,,https://andreasehstandlicenseofclarityloc.github.io/augmanitai-stage-0/atlas/mobile-first-society/,10.5281/zenodo.20118267,CC-BY-NC-ND-4.0,0009-0006-3773-7796
AUG-0933,mobility-assist,The Mobility Assist,The Mobility Assist,,,https://andreasehstandlicenseofclarityloc.github.io/augmanitai-stage-0/atlas/mobility-assist/,10.5281/zenodo.20118267,CC-BY-NC-ND-4.0,0009-0006-3773-7796
AUG-STAGE0-model-loyal-dynamic,model-loyal-dynamic,Model-Loyal Dynamic,Modell-Loyalität,,,https://andreasehstandlicenseofclarityloc.github.io/augmanitai-stage-0/atlas/model-loyal-dynamic/,10.5281/zenodo.20118267,CC-BY-NC-ND-4.0,0009-0006-3773-7796
AUG-STAGE0-model-loyal,model-loyal,Model Loyal,Modell-Loyalität,,,https://andreasehstandlicenseofclarityloc.github.io/augmanitai-stage-0/atlas/model-loyal/,10.5281/zenodo.20118267,CC-BY-NC-ND-4.0,0009-0006-3773-7796
AUG-0027,modus-solitarius-digitalis,Modus Solitarius Digitalis,Modus Solitarius Digitalis,,,https://andreasehstandlicenseofclarityloc.github.io/augmanitai-stage-0/atlas/modus-solitarius-digitalis/,10.5281/zenodo.20118267,CC-BY-NC-ND-4.0,0009-0006-3773-7796
AUG-0229,moment-bookmark,The Moment Bookmark,The Moment Bookmark,,,https://andreasehstandlicenseofclarityloc.github.io/augmanitai-stage-0/atlas/moment-bookmark/,10.5281/zenodo.20118267,CC-BY-NC-ND-4.0,0009-0006-3773-7796
AUG-0250,monday-armor,The Monday Armor,The Monday Armor,,,https://andreasehstandlicenseofclarityloc.github.io/augmanitai-stage-0/atlas/monday-armor/,10.5281/zenodo.20118267,CC-BY-NC-ND-4.0,0009-0006-3773-7796
AUG-0158,morning-setup,The Morning Setup,The Morning Setup,,,https://andreasehstandlicenseofclarityloc.github.io/augmanitai-stage-0/atlas/morning-setup/,10.5281/zenodo.20118267,CC-BY-NC-ND-4.0,0009-0006-3773-7796
AUG-0932,movement-assist,The Movement Assist,The Movement Assist,,,https://andreasehstandlicenseofclarityloc.github.io/augmanitai-stage-0/atlas/movement-assist/,10.5281/zenodo.20118267,CC-BY-NC-ND-4.0,0009-0006-3773-7796
AUG-STAGE0-movement-avoid,movement-avoid,Movement Avoid,Bewegungs-Vermeidung,,,https://andreasehstandlicenseofclarityloc.github.io/augmanitai-stage-0/atlas/movement-avoid/,10.5281/zenodo.20118267,CC-BY-NC-ND-4.0,0009-0006-3773-7796
AUG-0987,multi-agent-literacy,The Multi-Agent Literacy,The Multi-Agent Literacy,,,https://andreasehstandlicenseofclarityloc.github.io/augmanitai-stage-0/atlas/multi-agent-literacy/,10.5281/zenodo.20118267,CC-BY-NC-ND-4.0,0009-0006-3773-7796
AUG-0681,multi-context-identity,The Multi-Context Identity,The Multi-Context Identity,,,https://andreasehstandlicenseofclarityloc.github.io/augmanitai-stage-0/atlas/multi-context-identity/,10.5281/zenodo.20118267,CC-BY-NC-ND-4.0,0009-0006-3773-7796
AUG-0132,multi-model-orchestration,Multi-Model Orchestration,Multi-Model Orchestration,,,https://andreasehstandlicenseofclarityloc.github.io/augmanitai-stage-0/atlas/multi-model-orchestration/,10.5281/zenodo.20118267,CC-BY-NC-ND-4.0,0009-0006-3773-7796
AUG-0744,multi-user-device-context,The Multi-User Device Context,The Multi-User Device Context,,,https://andreasehstandlicenseofclarityloc.github.io/augmanitai-stage-0/atlas/multi-user-device-context/,10.5281/zenodo.20118267,CC-BY-NC-ND-4.0,0009-0006-3773-7796
AUG-0470,name-detective,The Name Detective,The Name Detective,,,https://andreasehstandlicenseofclarityloc.github.io/augmanitai-stage-0/atlas/name-detective/,10.5281/zenodo.20118267,CC-BY-NC-ND-4.0,0009-0006-3773-7796
AUG-0920,navigation-intelligence,The Navigation Intelligence,The Navigation Intelligence,,,https://andreasehstandlicenseofclarityloc.github.io/augmanitai-stage-0/atlas/navigation-intelligence/,10.5281/zenodo.20118267,CC-BY-NC-ND-4.0,0009-0006-3773-7796
AUG-0255,needed-compliment,The Needed Compliment,The Needed Compliment,,,https://andreasehstandlicenseofclarityloc.github.io/augmanitai-stage-0/atlas/needed-compliment/,10.5281/zenodo.20118267,CC-BY-NC-ND-4.0,0009-0006-3773-7796
AUG-STAGE0-negative-valence-sensation-effect,negative-valence-sensation-effect,Negative-Valence-Sensation Effect,Kälte-Sensation,,,https://andreasehstandlicenseofclarityloc.github.io/augmanitai-stage-0/atlas/negative-valence-sensation-effect/,10.5281/zenodo.20118267,CC-BY-NC-ND-4.0,0009-0006-3773-7796
AUG-0990,neighbor-robot,The Neighbor Robot,The Neighbor Robot,,,https://andreasehstandlicenseofclarityloc.github.io/augmanitai-stage-0/atlas/neighbor-robot/,10.5281/zenodo.20118267,CC-BY-NC-ND-4.0,0009-0006-3773-7796
AUG-STAGE0-nervous-system-overactivation,nervous-system-overactivation,Nervous System Overactivation,Erfahrungsmuster-Ueberaktivierung,,,https://andreasehstandlicenseofclarityloc.github.io/augmanitai-stage-0/atlas/nervous-system-overactivation/,10.5281/zenodo.20118267,CC-BY-NC-ND-4.0,0009-0006-3773-7796
AUG-STAGE0-network,network,AUGMANITAI NETWORK,AUGMANITAI NETWORK,,,https://andreasehstandlicenseofclarityloc.github.io/augmanitai-stage-0/atlas/network/,10.5281/zenodo.20118267,CC-BY-NC-ND-4.0,0009-0006-3773-7796
AUG-0198,new-literacy,The New Literacy,The New Literacy,,,https://andreasehstandlicenseofclarityloc.github.io/augmanitai-stage-0/atlas/new-literacy/,10.5281/zenodo.20118267,CC-BY-NC-ND-4.0,0009-0006-3773-7796
AUG-0407,news-filter,The News Filter,The News Filter,,,https://andreasehstandlicenseofclarityloc.github.io/augmanitai-stage-0/atlas/news-filter/,10.5281/zenodo.20118267,CC-BY-NC-ND-4.0,0009-0006-3773-7796
AUG-0555,next-step-finder,The Next-Step Finder,The Next-Step Finder,,,https://andreasehstandlicenseofclarityloc.github.io/augmanitai-stage-0/atlas/next-step-finder/,10.5281/zenodo.20118267,CC-BY-NC-ND-4.0,0009-0006-3773-7796
AUG-0399,niche-focus,The Niche Focus,The Niche Focus,,,https://andreasehstandlicenseofclarityloc.github.io/augmanitai-stage-0/atlas/niche-focus/,10.5281/zenodo.20118267,CC-BY-NC-ND-4.0,0009-0006-3773-7796
AUG-0409,night-movie-analysis,The Night-Movie Analysis,The Night-Movie Analysis,,,https://andreasehstandlicenseofclarityloc.github.io/augmanitai-stage-0/atlas/night-movie-analysis/,10.5281/zenodo.20118267,CC-BY-NC-ND-4.0,0009-0006-3773-7796
AUG-0752,non-digital-origin-perspective,The Non-Digital-Origin Perspective,The Non-Digital-Origin Perspective,,,https://andreasehstandlicenseofclarityloc.github.io/augmanitai-stage-0/atlas/non-digital-origin-perspective/,10.5281/zenodo.20118267,CC-BY-NC-ND-4.0,0009-0006-3773-7796
AUG-0104,non-force-principle,The Non-Force Principle,The Non-Force Principle,,,https://andreasehstandlicenseofclarityloc.github.io/augmanitai-stage-0/atlas/non-force-principle/,10.5281/zenodo.20118267,CC-BY-NC-ND-4.0,0009-0006-3773-7796
AUG-0641,notification-buzz,The Notification Buzz,The Notification Buzz,,,https://andreasehstandlicenseofclarityloc.github.io/augmanitai-stage-0/atlas/notification-buzz/,10.5281/zenodo.20118267,CC-BY-NC-ND-4.0,0009-0006-3773-7796
AUG-0921,object-manipulation,The Object Manipulation,The Object Manipulation,,,https://andreasehstandlicenseofclarityloc.github.io/augmanitai-stage-0/atlas/object-manipulation/,10.5281/zenodo.20118267,CC-BY-NC-ND-4.0,0009-0006-3773-7796
AUG-0828,observation-awareness,The Observation Awareness,The Observation Awareness,,,https://andreasehstandlicenseofclarityloc.github.io/augmanitai-stage-0/atlas/observation-awareness/,10.5281/zenodo.20118267,CC-BY-NC-ND-4.0,0009-0006-3773-7796
AUG-0632,offline-moment,The Offline Moment,The Offline Moment,,,https://andreasehstandlicenseofclarityloc.github.io/augmanitai-stage-0/atlas/offline-moment/,10.5281/zenodo.20118267,CC-BY-NC-ND-4.0,0009-0006-3773-7796
AUG-0258,offload-effect,The Offload Effect,The Offload Effect,,,https://andreasehstandlicenseofclarityloc.github.io/augmanitai-stage-0/atlas/offload-effect/,10.5281/zenodo.20118267,CC-BY-NC-ND-4.0,0009-0006-3773-7796
AUG-0025,offload-lift,The Offload Lift,The Offload Lift,,,https://andreasehstandlicenseofclarityloc.github.io/augmanitai-stage-0/atlas/offload-lift/,10.5281/zenodo.20118267,CC-BY-NC-ND-4.0,0009-0006-3773-7796
AUG-0818,onboarding-shift,The Onboarding Shift,The Onboarding Shift,,,https://andreasehstandlicenseofclarityloc.github.io/augmanitai-stage-0/atlas/onboarding-shift/,10.5281/zenodo.20118267,CC-BY-NC-ND-4.0,0009-0006-3773-7796
AUG-0566,ongoing-partnership,The Ongoing Partnership,The Ongoing Partnership,,,https://andreasehstandlicenseofclarityloc.github.io/augmanitai-stage-0/atlas/ongoing-partnership/,10.5281/zenodo.20118267,CC-BY-NC-ND-4.0,0009-0006-3773-7796
AUG-0997,ontological-status-question,The Ontological Status Question,The Ontological Status Question,,,https://andreasehstandlicenseofclarityloc.github.io/augmanitai-stage-0/atlas/ontological-status-question/,10.5281/zenodo.20118267,CC-BY-NC-ND-4.0,0009-0006-3773-7796
AUG-0193,open-field,The Open Field,The Open Field,,,https://andreasehstandlicenseofclarityloc.github.io/augmanitai-stage-0/atlas/open-field/,10.5281/zenodo.20118267,CC-BY-NC-ND-4.0,0009-0006-3773-7796
AUG-1000,open-question,The Open Question,The Open Question,,,https://andreasehstandlicenseofclarityloc.github.io/augmanitai-stage-0/atlas/open-question/,10.5281/zenodo.20118267,CC-BY-NC-ND-4.0,0009-0006-3773-7796
AUG-0144,open-questions-repository,The Open Questions Repository,The Open Questions Repository,,,https://andreasehstandlicenseofclarityloc.github.io/augmanitai-stage-0/atlas/open-questions-repository/,10.5281/zenodo.20118267,CC-BY-NC-ND-4.0,0009-0006-3773-7796
AUG-0730,open-source-path,The Open-Source Path,The Open-Source Path,,,https://andreasehstandlicenseofclarityloc.github.io/augmanitai-stage-0/atlas/open-source-path/,10.5281/zenodo.20118267,CC-BY-NC-ND-4.0,0009-0006-3773-7796
AUG-0103,openbook-commitment,The Openbook Commitment,The Openbook Commitment,,,https://andreasehstandlicenseofclarityloc.github.io/augmanitai-stage-0/atlas/openbook-commitment/,10.5281/zenodo.20118267,CC-BY-NC-ND-4.0,0009-0006-3773-7796
AUG-0741,oral-tradition-bridge,The Oral Tradition Bridge,The Oral Tradition Bridge,,,https://andreasehstandlicenseofclarityloc.github.io/augmanitai-stage-0/atlas/oral-tradition-bridge/,10.5281/zenodo.20118267,CC-BY-NC-ND-4.0,0009-0006-3773-7796
AUG-STAGE0-orbit-habit-marker,orbit-habit-marker,Orbit-Habit Marker,Umlauf-Gewohnheit,,,https://andreasehstandlicenseofclarityloc.github.io/augmanitai-stage-0/atlas/orbit-habit-marker/,10.5281/zenodo.20118267,CC-BY-NC-ND-4.0,0009-0006-3773-7796
AUG-STAGE0-orbit-habit,orbit-habit,Orbit Habit,Umlauf-Gewohnheit,,,https://andreasehstandlicenseofclarityloc.github.io/augmanitai-stage-0/atlas/orbit-habit/,10.5281/zenodo.20118267,CC-BY-NC-ND-4.0,0009-0006-3773-7796
AUG-0825,organizational-policy-layer,The Organizational Policy Layer,The Organizational Policy Layer,,,https://andreasehstandlicenseofclarityloc.github.io/augmanitai-stage-0/atlas/organizational-policy-layer/,10.5281/zenodo.20118267,CC-BY-NC-ND-4.0,0009-0006-3773-7796
AUG-0774,organized-resistance,The Organized Resistance,The Organized Resistance,,,https://andreasehstandlicenseofclarityloc.github.io/augmanitai-stage-0/atlas/organized-resistance/,10.5281/zenodo.20118267,CC-BY-NC-ND-4.0,0009-0006-3773-7796
AUG-0683,origin-language,The Origin Language,The Origin Language,,,https://andreasehstandlicenseofclarityloc.github.io/augmanitai-stage-0/atlas/origin-language/,10.5281/zenodo.20118267,CC-BY-NC-ND-4.0,0009-0006-3773-7796
AUG-0782,originality-redefinition-debate,The Originality Redefinition Debate,The Originality Redefinition Debate,,,https://andreasehstandlicenseofclarityloc.github.io/augmanitai-stage-0/atlas/originality-redefinition-debate/,10.5281/zenodo.20118267,CC-BY-NC-ND-4.0,0009-0006-3773-7796
AUG-0315,orphan-idea,The Orphan Idea,The Orphan Idea,,,https://andreasehstandlicenseofclarityloc.github.io/augmanitai-stage-0/atlas/orphan-idea/,10.5281/zenodo.20118267,CC-BY-NC-ND-4.0,0009-0006-3773-7796
AUG-0460,outdoor-plan,The Outdoor Plan,The Outdoor Plan,,,https://andreasehstandlicenseofclarityloc.github.io/augmanitai-stage-0/atlas/outdoor-plan/,10.5281/zenodo.20118267,CC-BY-NC-ND-4.0,0009-0006-3773-7796
AUG-0015,outer-mind,The Outer Mind,The Outer Mind,,,https://andreasehstandlicenseofclarityloc.github.io/augmanitai-stage-0/atlas/outer-mind/,10.5281/zenodo.20118267,CC-BY-NC-ND-4.0,0009-0006-3773-7796
AUG-0355,outfit-audit,The Outfit Audit,The Outfit Audit,,,https://andreasehstandlicenseofclarityloc.github.io/augmanitai-stage-0/atlas/outfit-audit/,10.5281/zenodo.20118267,CC-BY-NC-ND-4.0,0009-0006-3773-7796
AUG-0446,outline-script,The Outline Script,The Outline Script,,,https://andreasehstandlicenseofclarityloc.github.io/augmanitai-stage-0/atlas/outline-script/,10.5281/zenodo.20118267,CC-BY-NC-ND-4.0,0009-0006-3773-7796
AUG-0092,output-asymmetry,Output Asymmetry,Output Asymmetry,,,https://andreasehstandlicenseofclarityloc.github.io/augmanitai-stage-0/atlas/output-asymmetry/,10.5281/zenodo.20118267,CC-BY-NC-ND-4.0,0009-0006-3773-7796
AUG-0844,output-discrimination-observation,The Output Discrimination Observation,The Output Discrimination Observation,,,https://andreasehstandlicenseofclarityloc.github.io/augmanitai-stage-0/atlas/output-discrimination-observation/,10.5281/zenodo.20118267,CC-BY-NC-ND-4.0,0009-0006-3773-7796
AUG-0547,outsourced-distance,The Outsourced Distance,The Outsourced Distance,,,https://andreasehstandlicenseofclarityloc.github.io/augmanitai-stage-0/atlas/outsourced-distance/,10.5281/zenodo.20118267,CC-BY-NC-ND-4.0,0009-0006-3773-7796
AUG-0226,outsourcing-insight,The Outsourcing Insight,The Outsourcing Insight,,,https://andreasehstandlicenseofclarityloc.github.io/augmanitai-stage-0/atlas/outsourcing-insight/,10.5281/zenodo.20118267,CC-BY-NC-ND-4.0,0009-0006-3773-7796
AUG-0163,overnight-reframe,The Overnight Reframe,The Overnight Reframe,,,https://andreasehstandlicenseofclarityloc.github.io/augmanitai-stage-0/atlas/overnight-reframe/,10.5281/zenodo.20118267,CC-BY-NC-ND-4.0,0009-0006-3773-7796
AUG-0222,oversharing-drift,The Oversharing Drift,The Oversharing Drift,,,https://andreasehstandlicenseofclarityloc.github.io/augmanitai-stage-0/atlas/oversharing-drift/,10.5281/zenodo.20118267,CC-BY-NC-ND-4.0,0009-0006-3773-7796
AUG-0975,oversight-drain,The Oversight Drain,The Oversight Drain,,,https://andreasehstandlicenseofclarityloc.github.io/augmanitai-stage-0/atlas/oversight-drain/,10.5281/zenodo.20118267,CC-BY-NC-ND-4.0,0009-0006-3773-7796
AUG-0316,own-pace,The Own Pace,The Own Pace,,,https://andreasehstandlicenseofclarityloc.github.io/augmanitai-stage-0/atlas/own-pace/,10.5281/zenodo.20118267,CC-BY-NC-ND-4.0,0009-0006-3773-7796
AUG-0263,ownership-boost,The Ownership Boost,The Ownership Boost,,,https://andreasehstandlicenseofclarityloc.github.io/augmanitai-stage-0/atlas/ownership-boost/,10.5281/zenodo.20118267,CC-BY-NC-ND-4.0,0009-0006-3773-7796
AUG-0179,ownership-check,The Ownership Check,The Ownership Check,,,https://andreasehstandlicenseofclarityloc.github.io/augmanitai-stage-0/atlas/ownership-check/,10.5281/zenodo.20118267,CC-BY-NC-ND-4.0,0009-0006-3773-7796
AUG-STAGE0-pace-surface-dynamic,pace-surface-dynamic,Pace-Surface Dynamic,Atem-Flach,,,https://andreasehstandlicenseofclarityloc.github.io/augmanitai-stage-0/atlas/pace-surface-dynamic/,10.5281/zenodo.20118267,CC-BY-NC-ND-4.0,0009-0006-3773-7796
AUG-STAGE0-para-trust,para-trust,Para-Trust,Para-Vertrauen,,,https://andreasehstandlicenseofclarityloc.github.io/augmanitai-stage-0/atlas/para-trust/,10.5281/zenodo.20118267,CC-BY-NC-ND-4.0,0009-0006-3773-7796
AUG-0998,parallel-development-path,The Parallel Development Path,The Parallel Development Path,,,https://andreasehstandlicenseofclarityloc.github.io/augmanitai-stage-0/atlas/parallel-development-path/,10.5281/zenodo.20118267,CC-BY-NC-ND-4.0,0009-0006-3773-7796
AUG-0885,parallel-execution,The Parallel Execution,The Parallel Execution,,,https://andreasehstandlicenseofclarityloc.github.io/augmanitai-stage-0/atlas/parallel-execution/,10.5281/zenodo.20118267,CC-BY-NC-ND-4.0,0009-0006-3773-7796
AUG-0660,parallel-time-orientation,The Parallel Time Orientation,The Parallel Time Orientation,,,https://andreasehstandlicenseofclarityloc.github.io/augmanitai-stage-0/atlas/parallel-time-orientation/,10.5281/zenodo.20118267,CC-BY-NC-ND-4.0,0009-0006-3773-7796
AUG-0275,parasocial-slip,The Parasocial Slip,The Parasocial Slip,,,https://andreasehstandlicenseofclarityloc.github.io/augmanitai-stage-0/atlas/parasocial-slip/,10.5281/zenodo.20118267,CC-BY-NC-ND-4.0,0009-0006-3773-7796
AUG-0769,parental-oversight,The Parental Oversight,The Parental Oversight,,,https://andreasehstandlicenseofclarityloc.github.io/augmanitai-stage-0/atlas/parental-oversight/,10.5281/zenodo.20118267,CC-BY-NC-ND-4.0,0009-0006-3773-7796
AUG-0164,parental-priority-valve,The Parental Priority Valve,The Parental Priority Valve,,,https://andreasehstandlicenseofclarityloc.github.io/augmanitai-stage-0/atlas/parental-priority-valve/,10.5281/zenodo.20118267,CC-BY-NC-ND-4.0,0009-0006-3773-7796
AUG-0254,parenting-shortcut,The Parenting Shortcut,The Parenting Shortcut,,,https://andreasehstandlicenseofclarityloc.github.io/augmanitai-stage-0/atlas/parenting-shortcut/,10.5281/zenodo.20118267,CC-BY-NC-ND-4.0,0009-0006-3773-7796
AUG-0216,parenting-update,The Parenting Update,The Parenting Update,,,https://andreasehstandlicenseofclarityloc.github.io/augmanitai-stage-0/atlas/parenting-update/,10.5281/zenodo.20118267,CC-BY-NC-ND-4.0,0009-0006-3773-7796
AUG-0347,party-fact,The Party Fact,The Party Fact,,,https://andreasehstandlicenseofclarityloc.github.io/augmanitai-stage-0/atlas/party-fact/,10.5281/zenodo.20118267,CC-BY-NC-ND-4.0,0009-0006-3773-7796
AUG-0564,path-mapper,The Path Mapper,The Path Mapper,,,https://andreasehstandlicenseofclarityloc.github.io/augmanitai-stage-0/atlas/path-mapper/,10.5281/zenodo.20118267,CC-BY-NC-ND-4.0,0009-0006-3773-7796
AUG-0171,patterns-user-effect,Patterns-User Effect,Self-Encounter,,,https://andreasehstandlicenseofclarityloc.github.io/augmanitai-stage-0/atlas/patterns-user-effect/,10.5281/zenodo.20118267,CC-BY-NC-ND-4.0,0009-0006-3773-7796
AUG-STAGE0-pause-restlessness-mechanism,pause-restlessness-mechanism,Pause-Restlessness Mechanism,Rest-Unruhe,,,https://andreasehstandlicenseofclarityloc.github.io/augmanitai-stage-0/atlas/pause-restlessness-mechanism/,10.5281/zenodo.20118267,CC-BY-NC-ND-4.0,0009-0006-3773-7796
AUG-0597,perception-scan,The Perception Scan,The Perception Scan,,,https://andreasehstandlicenseofclarityloc.github.io/augmanitai-stage-0/atlas/perception-scan/,10.5281/zenodo.20118267,CC-BY-NC-ND-4.0,0009-0006-3773-7796
AUG-0416,perfect-front,The Perfect Front,The Perfect Front,,,https://andreasehstandlicenseofclarityloc.github.io/augmanitai-stage-0/atlas/perfect-front/,10.5281/zenodo.20118267,CC-BY-NC-ND-4.0,0009-0006-3773-7796
AUG-STAGE0-perm-invite-mechanism,perm-invite-mechanism,Perm-Invite Mechanism,Permanente Einladung,,,https://andreasehstandlicenseofclarityloc.github.io/augmanitai-stage-0/atlas/perm-invite-mechanism/,10.5281/zenodo.20118267,CC-BY-NC-ND-4.0,0009-0006-3773-7796
AUG-STAGE0-perm-invite,perm-invite,Perm Invite,Permanente Einladung,,,https://andreasehstandlicenseofclarityloc.github.io/augmanitai-stage-0/atlas/perm-invite/,10.5281/zenodo.20118267,CC-BY-NC-ND-4.0,0009-0006-3773-7796
AUG-0135,persona-engineering,Persona Engineering,Persona Engineering,,,https://andreasehstandlicenseofclarityloc.github.io/augmanitai-stage-0/atlas/persona-engineering/,10.5281/zenodo.20118267,CC-BY-NC-ND-4.0,0009-0006-3773-7796
AUG-0755,perspective-earlier-effect,Perspective-Earlier Effect,Delayed-Contact Perspective,,,https://andreasehstandlicenseofclarityloc.github.io/augmanitai-stage-0/atlas/perspective-earlier-effect/,10.5281/zenodo.20118267,CC-BY-NC-ND-4.0,0009-0006-3773-7796
AUG-0756,perspective-origin-effect,Perspective-Origin Effect,Extended-Experience Perspective,,,https://andreasehstandlicenseofclarityloc.github.io/augmanitai-stage-0/atlas/perspective-origin-effect/,10.5281/zenodo.20118267,CC-BY-NC-ND-4.0,0009-0006-3773-7796
AUG-0114,perspective-range,The Perspective Range,The Perspective Range,,,https://andreasehstandlicenseofclarityloc.github.io/augmanitai-stage-0/atlas/perspective-range/,10.5281/zenodo.20118267,CC-BY-NC-ND-4.0,0009-0006-3773-7796
AUG-0040,perspective-triangulation,Perspective Triangulation,Perspective Triangulation,,,https://andreasehstandlicenseofclarityloc.github.io/augmanitai-stage-0/atlas/perspective-triangulation/,10.5281/zenodo.20118267,CC-BY-NC-ND-4.0,0009-0006-3773-7796
AUG-0850,persuasive-design-observation,The Persuasive Design Observation,The Persuasive Design Observation,,,https://andreasehstandlicenseofclarityloc.github.io/augmanitai-stage-0/atlas/persuasive-design-observation/,10.5281/zenodo.20118267,CC-BY-NC-ND-4.0,0009-0006-3773-7796
AUG-0370,pet-lookup,The Pet Lookup,The Pet Lookup,,,https://andreasehstandlicenseofclarityloc.github.io/augmanitai-stage-0/atlas/pet-lookup/,10.5281/zenodo.20118267,CC-BY-NC-ND-4.0,0009-0006-3773-7796
AUG-STAGE0-phantom-buzz-tendency,phantom-buzz-tendency,Phantom-Buzz Tendency,Phantom-Buzz,,,https://andreasehstandlicenseofclarityloc.github.io/augmanitai-stage-0/atlas/phantom-buzz-tendency/,10.5281/zenodo.20118267,CC-BY-NC-ND-4.0,0009-0006-3773-7796
AUG-STAGE0-phantom-buzz,phantom-buzz,Phantom Buzz,Phantom-Buzz,,,https://andreasehstandlicenseofclarityloc.github.io/augmanitai-stage-0/atlas/phantom-buzz/,10.5281/zenodo.20118267,CC-BY-NC-ND-4.0,0009-0006-3773-7796
AUG-0636,phase-out-switch,The Phase-Out Switch,The Phase-Out Switch,,,https://andreasehstandlicenseofclarityloc.github.io/augmanitai-stage-0/atlas/phase-out-switch/,10.5281/zenodo.20118267,CC-BY-NC-ND-4.0,0009-0006-3773-7796
AUG-STAGE0-physical-boundary-setting,physical-boundary-setting,Physical Boundary Setting,Physische Grenzziehung,,,https://andreasehstandlicenseofclarityloc.github.io/augmanitai-stage-0/atlas/physical-boundary-setting/,10.5281/zenodo.20118267,CC-BY-NC-ND-4.0,0009-0006-3773-7796
AUG-0940,physical-feedback-loop,The Physical Feedback Loop,The Physical Feedback Loop,,,https://andreasehstandlicenseofclarityloc.github.io/augmanitai-stage-0/atlas/physical-feedback-loop/,10.5281/zenodo.20118267,CC-BY-NC-ND-4.0,0009-0006-3773-7796
AUG-STAGE0-physical-need-ignore,physical-need-ignore,Physical Need Ignore,Körperliche-Bedarfs-Ignoranz,,,https://andreasehstandlicenseofclarityloc.github.io/augmanitai-stage-0/atlas/physical-need-ignore/,10.5281/zenodo.20118267,CC-BY-NC-ND-4.0,0009-0006-3773-7796
AUG-0914,physical-presence,The Physical Presence,The Physical Presence,,,https://andreasehstandlicenseofclarityloc.github.io/augmanitai-stage-0/atlas/physical-presence/,10.5281/zenodo.20118267,CC-BY-NC-ND-4.0,0009-0006-3773-7796
AUG-0899,pipeline-architecture,The Pipeline Architecture,The Pipeline Architecture,,,https://andreasehstandlicenseofclarityloc.github.io/augmanitai-stage-0/atlas/pipeline-architecture/,10.5281/zenodo.20118267,CC-BY-NC-ND-4.0,0009-0006-3773-7796
AUG-0702,plain-language-convert,The Plain Language Convert,The Plain Language Convert,,,https://andreasehstandlicenseofclarityloc.github.io/augmanitai-stage-0/atlas/plain-language-convert/,10.5281/zenodo.20118267,CC-BY-NC-ND-4.0,0009-0006-3773-7796
AUG-0006,platform-ontology,Platform Ontology,Platform Ontology,,,https://andreasehstandlicenseofclarityloc.github.io/augmanitai-stage-0/atlas/platform-ontology/,10.5281/zenodo.20118267,CC-BY-NC-ND-4.0,0009-0006-3773-7796
AUG-0671,politeness-spectrum,The Politeness Spectrum,The Politeness Spectrum,,,https://andreasehstandlicenseofclarityloc.github.io/augmanitai-stage-0/atlas/politeness-spectrum/,10.5281/zenodo.20118267,CC-BY-NC-ND-4.0,0009-0006-3773-7796
AUG-0016,poly-categorical-mesh,Poly-Categorical Mesh,Poly-Categorical Mesh,,,https://andreasehstandlicenseofclarityloc.github.io/augmanitai-stage-0/atlas/poly-categorical-mesh/,10.5281/zenodo.20118267,CC-BY-NC-ND-4.0,0009-0006-3773-7796
AUG-0008,polyphonic-sovereign,The Polyphonic Sovereign,The Polyphonic Sovereign,,,https://andreasehstandlicenseofclarityloc.github.io/augmanitai-stage-0/atlas/polyphonic-sovereign/,10.5281/zenodo.20118267,CC-BY-NC-ND-4.0,0009-0006-3773-7796
AUG-0194,positive-surprise,The Positive Surprise,The Positive Surprise,,,https://andreasehstandlicenseofclarityloc.github.io/augmanitai-stage-0/atlas/positive-surprise/,10.5281/zenodo.20118267,CC-BY-NC-ND-4.0,0009-0006-3773-7796
AUG-0142,post-interface-hypothesis,The Post-Interface Hypothesis,The Post-Interface Hypothesis,,,https://andreasehstandlicenseofclarityloc.github.io/augmanitai-stage-0/atlas/post-interface-hypothesis/,10.5281/zenodo.20118267,CC-BY-NC-ND-4.0,0009-0006-3773-7796
AUG-0973,post-mortem-analysis,The Post-Mortem Analysis,The Post-Mortem Analysis,,,https://andreasehstandlicenseofclarityloc.github.io/augmanitai-stage-0/atlas/post-mortem-analysis/,10.5281/zenodo.20118267,CC-BY-NC-ND-4.0,0009-0006-3773-7796
AUG-STAGE0-posture-slump,posture-slump,Posture Slump,Haltungs-Hänger,,,https://andreasehstandlicenseofclarityloc.github.io/augmanitai-stage-0/atlas/posture-slump/,10.5281/zenodo.20118267,CC-BY-NC-ND-4.0,0009-0006-3773-7796
AUG-0344,poverty-shortcut,The Poverty Shortcut,The Poverty Shortcut,,,https://andreasehstandlicenseofclarityloc.github.io/augmanitai-stage-0/atlas/poverty-shortcut/,10.5281/zenodo.20118267,CC-BY-NC-ND-4.0,0009-0006-3773-7796
AUG-0777,power-concentration-observation,The Power Concentration Observation,The Power Concentration Observation,,,https://andreasehstandlicenseofclarityloc.github.io/augmanitai-stage-0/atlas/power-concentration-observation/,10.5281/zenodo.20118267,CC-BY-NC-ND-4.0,0009-0006-3773-7796
AUG-0745,power-grid-reliance,The Power Grid Reliance,The Power Grid Reliance,,,https://andreasehstandlicenseofclarityloc.github.io/augmanitai-stage-0/atlas/power-grid-reliance/,10.5281/zenodo.20118267,CC-BY-NC-ND-4.0,0009-0006-3773-7796
AUG-0210,power-of-slowness,The Power of Slowness,The Power of Slowness,,,https://andreasehstandlicenseofclarityloc.github.io/augmanitai-stage-0/atlas/power-of-slowness/,10.5281/zenodo.20118267,CC-BY-NC-ND-4.0,0009-0006-3773-7796
AUG-0297,practice-creating-effect,Practice-Creating Effect,Day-End Summary,,,https://andreasehstandlicenseofclarityloc.github.io/augmanitai-stage-0/atlas/practice-creating-effect/,10.5281/zenodo.20118267,CC-BY-NC-ND-4.0,0009-0006-3773-7796
AUG-0340,practice-room,The Practice Room,The Practice Room,,,https://andreasehstandlicenseofclarityloc.github.io/augmanitai-stage-0/atlas/practice-room/,10.5281/zenodo.20118267,CC-BY-NC-ND-4.0,0009-0006-3773-7796
AUG-0924,practitioner-workspace-dynamic,Practitioner Workspace Dynamic,Anwender-Arbeitsraum-Dynamik,,,https://andreasehstandlicenseofclarityloc.github.io/augmanitai-stage-0/atlas/practitioner-workspace-dynamic/,10.5281/zenodo.20118267,CC-BY-NC-ND-4.0,0009-0006-3773-7796
AUG-STAGE0-presence-need-signal,presence-need-signal,Presence-Need Signal,Präsenz-Bedürfnis,,,https://andreasehstandlicenseofclarityloc.github.io/augmanitai-stage-0/atlas/presence-need-signal/,10.5281/zenodo.20118267,CC-BY-NC-ND-4.0,0009-0006-3773-7796
AUG-STAGE0-presence-need,presence-need,Presence Need,Präsenz-Bedürfnis,,,https://andreasehstandlicenseofclarityloc.github.io/augmanitai-stage-0/atlas/presence-need/,10.5281/zenodo.20118267,CC-BY-NC-ND-4.0,0009-0006-3773-7796
AUG-0687,prevailing-language-pattern,The Prevailing Language Pattern,The Prevailing Language Pattern,,,https://andreasehstandlicenseofclarityloc.github.io/augmanitai-stage-0/atlas/prevailing-language-pattern/,10.5281/zenodo.20118267,CC-BY-NC-ND-4.0,0009-0006-3773-7796
AUG-0738,prevailing-training-pattern,The Prevailing Training Pattern,The Prevailing Training Pattern,,,https://andreasehstandlicenseofclarityloc.github.io/augmanitai-stage-0/atlas/prevailing-training-pattern/,10.5281/zenodo.20118267,CC-BY-NC-ND-4.0,0009-0006-3773-7796
AUG-0239,pride-spark,The Pride Spark,The Pride Spark,,,https://andreasehstandlicenseofclarityloc.github.io/augmanitai-stage-0/atlas/pride-spark/,10.5281/zenodo.20118267,CC-BY-NC-ND-4.0,0009-0006-3773-7796
AUG-0339,principle-check,The Principle Check,The Principle Check,,,https://andreasehstandlicenseofclarityloc.github.io/augmanitai-stage-0/atlas/principle-check/,10.5281/zenodo.20118267,CC-BY-NC-ND-4.0,0009-0006-3773-7796
AUG-0540,principle-guard,The Principle Guard,The Principle Guard,,,https://andreasehstandlicenseofclarityloc.github.io/augmanitai-stage-0/atlas/principle-guard/,10.5281/zenodo.20118267,CC-BY-NC-ND-4.0,0009-0006-3773-7796
AUG-0609,principle-wash,The Principle Wash,The Principle Wash,,,https://andreasehstandlicenseofclarityloc.github.io/augmanitai-stage-0/atlas/principle-wash/,10.5281/zenodo.20118267,CC-BY-NC-ND-4.0,0009-0006-3773-7796
AUG-0475,printer-whisperer,The Printer Whisperer,The Printer Whisperer,,,https://andreasehstandlicenseofclarityloc.github.io/augmanitai-stage-0/atlas/printer-whisperer/,10.5281/zenodo.20118267,CC-BY-NC-ND-4.0,0009-0006-3773-7796
AUG-0884,priority-negotiation,The Priority Negotiation,The Priority Negotiation,,,https://andreasehstandlicenseofclarityloc.github.io/augmanitai-stage-0/atlas/priority-negotiation/,10.5281/zenodo.20118267,CC-BY-NC-ND-4.0,0009-0006-3773-7796
AUG-0664,privacy-perimeter,The Privacy Perimeter,The Privacy Perimeter,,,https://andreasehstandlicenseofclarityloc.github.io/augmanitai-stage-0/atlas/privacy-perimeter/,10.5281/zenodo.20118267,CC-BY-NC-ND-4.0,0009-0006-3773-7796
AUG-0401,pro-con-check,The Pro-Con Check,The Pro-Con Check,,,https://andreasehstandlicenseofclarityloc.github.io/augmanitai-stage-0/atlas/pro-con-check/,10.5281/zenodo.20118267,CC-BY-NC-ND-4.0,0009-0006-3773-7796
AUG-0693,processing-bilingual-effect,Processing-Bilingual Effect,Code-Mesh Output,,,https://andreasehstandlicenseofclarityloc.github.io/augmanitai-stage-0/atlas/processing-bilingual-effect/,10.5281/zenodo.20118267,CC-BY-NC-ND-4.0,0009-0006-3773-7796
AUG-0827,productivity-metric-shift,The Productivity Metric Shift,The Productivity Metric Shift,,,https://andreasehstandlicenseofclarityloc.github.io/augmanitai-stage-0/atlas/productivity-metric-shift/,10.5281/zenodo.20118267,CC-BY-NC-ND-4.0,0009-0006-3773-7796
AUG-0183,productivity-shield,The Productivity Shield,The Productivity Shield,,,https://andreasehstandlicenseofclarityloc.github.io/augmanitai-stage-0/atlas/productivity-shield/,10.5281/zenodo.20118267,CC-BY-NC-ND-4.0,0009-0006-3773-7796
AUG-0705,professional-lingua,The Professional Lingua,The Professional Lingua,,,https://andreasehstandlicenseofclarityloc.github.io/augmanitai-stage-0/atlas/professional-lingua/,10.5281/zenodo.20118267,CC-BY-NC-ND-4.0,0009-0006-3773-7796
AUG-0095,profile-arbitrage-effect,Profile-Arbitrage Effect,One-Person Operation,,,https://andreasehstandlicenseofclarityloc.github.io/augmanitai-stage-0/atlas/profile-arbitrage-effect/,10.5281/zenodo.20118267,CC-BY-NC-ND-4.0,0009-0006-3773-7796
AUG-0872,progress-report,The Progress Report,The Progress Report,,,https://andreasehstandlicenseofclarityloc.github.io/augmanitai-stage-0/atlas/progress-report/,10.5281/zenodo.20118267,CC-BY-NC-ND-4.0,0009-0006-3773-7796
AUG-0492,progress-tap,The Progress Tap,The Progress Tap,,,https://andreasehstandlicenseofclarityloc.github.io/augmanitai-stage-0/atlas/progress-tap/,10.5281/zenodo.20118267,CC-BY-NC-ND-4.0,0009-0006-3773-7796
AUG-0133,prompt-craftsmanship,Prompt Craftsmanship,Prompt Craftsmanship,,,https://andreasehstandlicenseofclarityloc.github.io/augmanitai-stage-0/atlas/prompt-craftsmanship/,10.5281/zenodo.20118267,CC-BY-NC-ND-4.0,0009-0006-3773-7796
AUG-0429,prompt-hoard,The Prompt Hoard,The Prompt Hoard,,,https://andreasehstandlicenseofclarityloc.github.io/augmanitai-stage-0/atlas/prompt-hoard/,10.5281/zenodo.20118267,CC-BY-NC-ND-4.0,0009-0006-3773-7796
AUG-STAGE0-protect-urge-phenomenon,protect-urge-phenomenon,Protect-Urge Phenomenon,Schutz-Impuls,,,https://andreasehstandlicenseofclarityloc.github.io/augmanitai-stage-0/atlas/protect-urge-phenomenon/,10.5281/zenodo.20118267,CC-BY-NC-ND-4.0,0009-0006-3773-7796
AUG-STAGE0-protect-urge,protect-urge,Protect Urge,Schutz-Impuls,,,https://andreasehstandlicenseofclarityloc.github.io/augmanitai-stage-0/atlas/protect-urge/,10.5281/zenodo.20118267,CC-BY-NC-ND-4.0,0009-0006-3773-7796
AUG-0888,protocol-checkpoint-effect,Protocol-Checkpoint Effect,Protocol-Checkpoint-Effekt-Dynamik,,,https://andreasehstandlicenseofclarityloc.github.io/augmanitai-stage-0/atlas/protocol-checkpoint-effect/,10.5281/zenodo.20118267,CC-BY-NC-ND-4.0,0009-0006-3773-7796
AUG-0697,proverb-puzzle,The Proverb Puzzle,The Proverb Puzzle,,,https://andreasehstandlicenseofclarityloc.github.io/augmanitai-stage-0/atlas/proverb-puzzle/,10.5281/zenodo.20118267,CC-BY-NC-ND-4.0,0009-0006-3773-7796
AUG-0201,proxy-closeness,The Proxy Closeness,The Proxy Closeness,,,https://andreasehstandlicenseofclarityloc.github.io/augmanitai-stage-0/atlas/proxy-closeness/,10.5281/zenodo.20118267,CC-BY-NC-ND-4.0,0009-0006-3773-7796
AUG-0553,pseudo-productive,The Pseudo Productive,The Pseudo Productive,,,https://andreasehstandlicenseofclarityloc.github.io/augmanitai-stage-0/atlas/pseudo-productive/,10.5281/zenodo.20118267,CC-BY-NC-ND-4.0,0009-0006-3773-7796
AUG-0834,public-perception-wave,The Public Perception Wave,The Public Perception Wave,,,https://andreasehstandlicenseofclarityloc.github.io/augmanitai-stage-0/atlas/public-perception-wave/,10.5281/zenodo.20118267,CC-BY-NC-ND-4.0,0009-0006-3773-7796
AUG-0989,public-space-protocol,The Public Space Protocol,The Public Space Protocol,,,https://andreasehstandlicenseofclarityloc.github.io/augmanitai-stage-0/atlas/public-space-protocol/,10.5281/zenodo.20118267,CC-BY-NC-ND-4.0,0009-0006-3773-7796
AUG-0659,punctuality-lens,The Punctuality Lens,The Punctuality Lens,,,https://andreasehstandlicenseofclarityloc.github.io/augmanitai-stage-0/atlas/punctuality-lens/,10.5281/zenodo.20118267,CC-BY-NC-ND-4.0,0009-0006-3773-7796
AUG-0715,punctuation-culture,The Punctuation Culture,The Punctuation Culture,,,https://andreasehstandlicenseofclarityloc.github.io/augmanitai-stage-0/atlas/punctuation-culture/,10.5281/zenodo.20118267,CC-BY-NC-ND-4.0,0009-0006-3773-7796
AUG-0615,question-seed,The Question Seed,The Question Seed,,,https://andreasehstandlicenseofclarityloc.github.io/augmanitai-stage-0/atlas/question-seed/,10.5281/zenodo.20118267,CC-BY-NC-ND-4.0,0009-0006-3773-7796
AUG-0744,questions-community-effect,Questions-Community Effect,Multi-User Device Context,,,https://andreasehstandlicenseofclarityloc.github.io/augmanitai-stage-0/atlas/questions-community-effect/,10.5281/zenodo.20118267,CC-BY-NC-ND-4.0,0009-0006-3773-7796
AUG-0373,quick-check,The Quick Check,The Quick Check,,,https://andreasehstandlicenseofclarityloc.github.io/augmanitai-stage-0/atlas/quick-check/,10.5281/zenodo.20118267,CC-BY-NC-ND-4.0,0009-0006-3773-7796
AUG-0153,quiet-authority,The Quiet Authority,The Quiet Authority,,,https://andreasehstandlicenseofclarityloc.github.io/augmanitai-stage-0/atlas/quiet-authority/,10.5281/zenodo.20118267,CC-BY-NC-ND-4.0,0009-0006-3773-7796
AUG-0253,quiet-co-pilot,The Quiet Co-Pilot,The Quiet Co-Pilot,,,https://andreasehstandlicenseofclarityloc.github.io/augmanitai-stage-0/atlas/quiet-co-pilot/,10.5281/zenodo.20118267,CC-BY-NC-ND-4.0,0009-0006-3773-7796
AUG-0493,quiet-fill,The Quiet Fill,The Quiet Fill,,,https://andreasehstandlicenseofclarityloc.github.io/augmanitai-stage-0/atlas/quiet-fill/,10.5281/zenodo.20118267,CC-BY-NC-ND-4.0,0009-0006-3773-7796
AUG-0603,quiet-frontier,The Quiet Frontier,The Quiet Frontier,,,https://andreasehstandlicenseofclarityloc.github.io/augmanitai-stage-0/atlas/quiet-frontier/,10.5281/zenodo.20118267,CC-BY-NC-ND-4.0,0009-0006-3773-7796
AUG-0507,quiet-help,The Quiet Help,The Quiet Help,,,https://andreasehstandlicenseofclarityloc.github.io/augmanitai-stage-0/atlas/quiet-help/,10.5281/zenodo.20118267,CC-BY-NC-ND-4.0,0009-0006-3773-7796
AUG-STAGE0-quiet-love,quiet-love,Quiet Love,Stille Liebe,,,https://andreasehstandlicenseofclarityloc.github.io/augmanitai-stage-0/atlas/quiet-love/,10.5281/zenodo.20118267,CC-BY-NC-ND-4.0,0009-0006-3773-7796
AUG-0449,quiet-path,The Quiet Path,The Quiet Path,,,https://andreasehstandlicenseofclarityloc.github.io/augmanitai-stage-0/atlas/quiet-path/,10.5281/zenodo.20118267,CC-BY-NC-ND-4.0,0009-0006-3773-7796
AUG-0586,quiet-room,The Quiet Room,The Quiet Room,,,https://andreasehstandlicenseofclarityloc.github.io/augmanitai-stage-0/atlas/quiet-room/,10.5281/zenodo.20118267,CC-BY-NC-ND-4.0,0009-0006-3773-7796
AUG-0322,quiet-upgrade,The Quiet Upgrade,The Quiet Upgrade,,,https://andreasehstandlicenseofclarityloc.github.io/augmanitai-stage-0/atlas/quiet-upgrade/,10.5281/zenodo.20118267,CC-BY-NC-ND-4.0,0009-0006-3773-7796
AUG-0311,quiet-yes,The Quiet Yes,The Quiet Yes,,,https://andreasehstandlicenseofclarityloc.github.io/augmanitai-stage-0/atlas/quiet-yes/,10.5281/zenodo.20118267,CC-BY-NC-ND-4.0,0009-0006-3773-7796
AUG-0120,range-framework,The Range Framework,The Range Framework,,,https://andreasehstandlicenseofclarityloc.github.io/augmanitai-stage-0/atlas/range-framework/,10.5281/zenodo.20118267,CC-BY-NC-ND-4.0,0009-0006-3773-7796
AUG-0290,re-entry-blur,The Re-Entry Blur,The Re-Entry Blur,,,https://andreasehstandlicenseofclarityloc.github.io/augmanitai-stage-0/atlas/re-entry-blur/,10.5281/zenodo.20118267,CC-BY-NC-ND-4.0,0009-0006-3773-7796
AUG-0716,reading-direction,The Reading Direction,The Reading Direction,,,https://andreasehstandlicenseofclarityloc.github.io/augmanitai-stage-0/atlas/reading-direction/,10.5281/zenodo.20118267,CC-BY-NC-ND-4.0,0009-0006-3773-7796
AUG-0452,reality-blur,The Reality Blur,The Reality Blur,,,https://andreasehstandlicenseofclarityloc.github.io/augmanitai-stage-0/atlas/reality-blur/,10.5281/zenodo.20118267,CC-BY-NC-ND-4.0,0009-0006-3773-7796
AUG-0050,reality-check,The Reality Check,The Reality Check,,,https://andreasehstandlicenseofclarityloc.github.io/augmanitai-stage-0/atlas/reality-check/,10.5281/zenodo.20118267,CC-BY-NC-ND-4.0,0009-0006-3773-7796
AUG-0535,reality-edit,The Reality Edit,The Reality Edit,,,https://andreasehstandlicenseofclarityloc.github.io/augmanitai-stage-0/atlas/reality-edit/,10.5281/zenodo.20118267,CC-BY-NC-ND-4.0,0009-0006-3773-7796
AUG-0621,recall-echo,The Recall Echo,The Recall Echo,,,https://andreasehstandlicenseofclarityloc.github.io/augmanitai-stage-0/atlas/recall-echo/,10.5281/zenodo.20118267,CC-BY-NC-ND-4.0,0009-0006-3773-7796
AUG-0266,recipe-riff,The Recipe Riff,The Recipe Riff,,,https://andreasehstandlicenseofclarityloc.github.io/augmanitai-stage-0/atlas/recipe-riff/,10.5281/zenodo.20118267,CC-BY-NC-ND-4.0,0009-0006-3773-7796
AUG-0109,reciprocity-axiom,The Reciprocity Axiom,The Reciprocity Axiom,,,https://andreasehstandlicenseofclarityloc.github.io/augmanitai-stage-0/atlas/reciprocity-axiom/,10.5281/zenodo.20118267,CC-BY-NC-ND-4.0,0009-0006-3773-7796
AUG-0174,reclaimed-hour,The Reclaimed Hour,The Reclaimed Hour,,,https://andreasehstandlicenseofclarityloc.github.io/augmanitai-stage-0/atlas/reclaimed-hour/,10.5281/zenodo.20118267,CC-BY-NC-ND-4.0,0009-0006-3773-7796
AUG-STAGE0-recovery-debt,recovery-debt,The Recovery Debt,Erholungsschuld,,,https://andreasehstandlicenseofclarityloc.github.io/augmanitai-stage-0/atlas/recovery-debt/,10.5281/zenodo.20118267,CC-BY-NC-ND-4.0,0009-0006-3773-7796
AUG-0967,recovery-sequence,The Recovery Sequence,The Recovery Sequence,,,https://andreasehstandlicenseofclarityloc.github.io/augmanitai-stage-0/atlas/recovery-sequence/,10.5281/zenodo.20118267,CC-BY-NC-ND-4.0,0009-0006-3773-7796
AUG-STAGE0-recovery-time,recovery-time,Recovery Time,Erholungs-Zeit,,,https://andreasehstandlicenseofclarityloc.github.io/augmanitai-stage-0/atlas/recovery-time/,10.5281/zenodo.20118267,CC-BY-NC-ND-4.0,0009-0006-3773-7796
AUG-0020,recursive-feedback-loop,Recursive Feedback Loop,Recursive Feedback Loop,,,https://andreasehstandlicenseofclarityloc.github.io/augmanitai-stage-0/atlas/recursive-feedback-loop/,10.5281/zenodo.20118267,CC-BY-NC-ND-4.0,0009-0006-3773-7796
AUG-0902,redundancy-design,The Redundancy Design,The Redundancy Design,,,https://andreasehstandlicenseofclarityloc.github.io/augmanitai-stage-0/atlas/redundancy-design/,10.5281/zenodo.20118267,CC-BY-NC-ND-4.0,0009-0006-3773-7796
AUG-0521,reflected-self,The Reflected Self,The Reflected Self,,,https://andreasehstandlicenseofclarityloc.github.io/augmanitai-stage-0/atlas/reflected-self/,10.5281/zenodo.20118267,CC-BY-NC-ND-4.0,0009-0006-3773-7796
AUG-0011,reflective-operator,The Reflective Operator,The Reflective Operator,,,https://andreasehstandlicenseofclarityloc.github.io/augmanitai-stage-0/atlas/reflective-operator/,10.5281/zenodo.20118267,CC-BY-NC-ND-4.0,0009-0006-3773-7796
AUG-STAGE0-reflex-action-mechanism,reflex-action-mechanism,Reflex-Action Mechanism,Reflex-Aktion,,,https://andreasehstandlicenseofclarityloc.github.io/augmanitai-stage-0/atlas/reflex-action-mechanism/,10.5281/zenodo.20118267,CC-BY-NC-ND-4.0,0009-0006-3773-7796
AUG-0101,refresh-first-principle,The Refresh-First Principle,The Refresh-First Principle,,,https://andreasehstandlicenseofclarityloc.github.io/augmanitai-stage-0/atlas/refresh-first-principle/,10.5281/zenodo.20118267,CC-BY-NC-ND-4.0,0009-0006-3773-7796
AUG-0428,regex-rush,The Regex Rush,The Regex Rush,,,https://andreasehstandlicenseofclarityloc.github.io/augmanitai-stage-0/atlas/regex-rush/,10.5281/zenodo.20118267,CC-BY-NC-ND-4.0,0009-0006-3773-7796
AUG-0677,regional-access-range,The Regional Access Range,The Regional Access Range,,,https://andreasehstandlicenseofclarityloc.github.io/augmanitai-stage-0/atlas/regional-access-range/,10.5281/zenodo.20118267,CC-BY-NC-ND-4.0,0009-0006-3773-7796
AUG-0692,register-mismatch,The Register Mismatch,The Register Mismatch,,,https://andreasehstandlicenseofclarityloc.github.io/augmanitai-stage-0/atlas/register-mismatch/,10.5281/zenodo.20118267,CC-BY-NC-ND-4.0,0009-0006-3773-7796
AUG-0657,register-range,The Register Range,The Register Range,,,https://andreasehstandlicenseofclarityloc.github.io/augmanitai-stage-0/atlas/register-range/,10.5281/zenodo.20118267,CC-BY-NC-ND-4.0,0009-0006-3773-7796
AUG-0658,register-surprise,The Register Surprise,The Register Surprise,,,https://andreasehstandlicenseofclarityloc.github.io/augmanitai-stage-0/atlas/register-surprise/,10.5281/zenodo.20118267,CC-BY-NC-ND-4.0,0009-0006-3773-7796
AUG-0839,regulation-debate,The Regulation Debate,The Regulation Debate,,,https://andreasehstandlicenseofclarityloc.github.io/augmanitai-stage-0/atlas/regulation-debate/,10.5281/zenodo.20118267,CC-BY-NC-ND-4.0,0009-0006-3773-7796
AUG-0168,rehumanization-moment,The Rehumanization Moment,The Rehumanization Moment,,,https://andreasehstandlicenseofclarityloc.github.io/augmanitai-stage-0/atlas/rehumanization-moment/,10.5281/zenodo.20118267,CC-BY-NC-ND-4.0,0009-0006-3773-7796
AUG-STAGE0-relational-projection-depth,relational-projection-depth,Relational Projection Depth,Relationale Projektionstiefe,,,https://andreasehstandlicenseofclarityloc.github.io/augmanitai-stage-0/atlas/relational-projection-depth/,10.5281/zenodo.20118267,CC-BY-NC-ND-4.0,0009-0006-3773-7796
AUG-0151,release-exhale,The Release Exhale,The Release Exhale,,,https://andreasehstandlicenseofclarityloc.github.io/augmanitai-stage-0/atlas/release-exhale/,10.5281/zenodo.20118267,CC-BY-NC-ND-4.0,0009-0006-3773-7796
AUG-STAGE0-reliance-climb-signal,reliance-climb-signal,Reliance-Climb Signal,Verlässlichkeits-Anstieg,,,https://andreasehstandlicenseofclarityloc.github.io/augmanitai-stage-0/atlas/reliance-climb-signal/,10.5281/zenodo.20118267,CC-BY-NC-ND-4.0,0009-0006-3773-7796
AUG-STAGE0-reliance-climb,reliance-climb,Reliance Climb,Verlässlichkeits-Anstieg,,,https://andreasehstandlicenseofclarityloc.github.io/augmanitai-stage-0/atlas/reliance-climb/,10.5281/zenodo.20118267,CC-BY-NC-ND-4.0,0009-0006-3773-7796
AUG-0236,relief-sigh,The Relief Sigh,The Relief Sigh,,,https://andreasehstandlicenseofclarityloc.github.io/augmanitai-stage-0/atlas/relief-sigh/,10.5281/zenodo.20118267,CC-BY-NC-ND-4.0,0009-0006-3773-7796
AUG-0682,relocation-toolkit,The Relocation Toolkit,The Relocation Toolkit,,,https://andreasehstandlicenseofclarityloc.github.io/augmanitai-stage-0/atlas/relocation-toolkit/,10.5281/zenodo.20118267,CC-BY-NC-ND-4.0,0009-0006-3773-7796
AUG-STAGE0-rely-forms-signal,rely-forms-signal,Rely-Forms Signal,Abhängigkeits-Bildung,,,https://andreasehstandlicenseofclarityloc.github.io/augmanitai-stage-0/atlas/rely-forms-signal/,10.5281/zenodo.20118267,CC-BY-NC-ND-4.0,0009-0006-3773-7796
AUG-STAGE0-rely-forms,rely-forms,Rely Forms,Abhängigkeits-Bildung,,,https://andreasehstandlicenseofclarityloc.github.io/augmanitai-stage-0/atlas/rely-forms/,10.5281/zenodo.20118267,CC-BY-NC-ND-4.0,0009-0006-3773-7796
AUG-0284,remains-awareness-effect,Remains-Awareness Effect,Full-Access Check,,,https://andreasehstandlicenseofclarityloc.github.io/augmanitai-stage-0/atlas/remains-awareness-effect/,10.5281/zenodo.20118267,CC-BY-NC-ND-4.0,0009-0006-3773-7796
AUG-0820,remote-work-amplifier,The Remote Work Amplifier,The Remote Work Amplifier,,,https://andreasehstandlicenseofclarityloc.github.io/augmanitai-stage-0/atlas/remote-work-amplifier/,10.5281/zenodo.20118267,CC-BY-NC-ND-4.0,0009-0006-3773-7796
AUG-0444,rent-defense,The Rent Defense,The Rent Defense,,,https://andreasehstandlicenseofclarityloc.github.io/augmanitai-stage-0/atlas/rent-defense/,10.5281/zenodo.20118267,CC-BY-NC-ND-4.0,0009-0006-3773-7796
AUG-0748,repair-culture,The Repair Culture,The Repair Culture,,,https://andreasehstandlicenseofclarityloc.github.io/augmanitai-stage-0/atlas/repair-culture/,10.5281/zenodo.20118267,CC-BY-NC-ND-4.0,0009-0006-3773-7796
AUG-0271,replay-fix,The Replay Fix,The Replay Fix,,,https://andreasehstandlicenseofclarityloc.github.io/augmanitai-stage-0/atlas/replay-fix/,10.5281/zenodo.20118267,CC-BY-NC-ND-4.0,0009-0006-3773-7796
AUG-0397,reply-pause,The Reply Pause,The Reply Pause,,,https://andreasehstandlicenseofclarityloc.github.io/augmanitai-stage-0/atlas/reply-pause/,10.5281/zenodo.20118267,CC-BY-NC-ND-4.0,0009-0006-3773-7796
AUG-0789,research-assistant-role,The Research Assistant Role,The Research Assistant Role,,,https://andreasehstandlicenseofclarityloc.github.io/augmanitai-stage-0/atlas/research-assistant-role/,10.5281/zenodo.20118267,CC-BY-NC-ND-4.0,0009-0006-3773-7796
AUG-0882,resource-awareness,The Resource Awareness,The Resource Awareness,,,https://andreasehstandlicenseofclarityloc.github.io/augmanitai-stage-0/atlas/resource-awareness/,10.5281/zenodo.20118267,CC-BY-NC-ND-4.0,0009-0006-3773-7796
AUG-0747,resource-consumption-pattern,The Resource Consumption Pattern,The Resource Consumption Pattern,,,https://andreasehstandlicenseofclarityloc.github.io/augmanitai-stage-0/atlas/resource-consumption-pattern/,10.5281/zenodo.20118267,CC-BY-NC-ND-4.0,0009-0006-3773-7796
AUG-0522,resource-cumulative-effect,Resource-Cumulative Effect,Self-View Pool,,,https://andreasehstandlicenseofclarityloc.github.io/augmanitai-stage-0/atlas/resource-cumulative-effect/,10.5281/zenodo.20118267,CC-BY-NC-ND-4.0,0009-0006-3773-7796
AUG-0848,resource-distribution-pattern,The Resource Distribution Pattern,The Resource Distribution Pattern,,,https://andreasehstandlicenseofclarityloc.github.io/augmanitai-stage-0/atlas/resource-distribution-pattern/,10.5281/zenodo.20118267,CC-BY-NC-ND-4.0,0009-0006-3773-7796
AUG-0482,resource-search,The Resource Search,The Resource Search,,,https://andreasehstandlicenseofclarityloc.github.io/augmanitai-stage-0/atlas/resource-search/,10.5281/zenodo.20118267,CC-BY-NC-ND-4.0,0009-0006-3773-7796
AUG-0568,response-shield,The Response Shield,The Response Shield,,,https://andreasehstandlicenseofclarityloc.github.io/augmanitai-stage-0/atlas/response-shield/,10.5281/zenodo.20118267,CC-BY-NC-ND-4.0,0009-0006-3773-7796
AUG-0959,responsibility-assignment,The Responsibility Assignment,The Responsibility Assignment,,,https://andreasehstandlicenseofclarityloc.github.io/augmanitai-stage-0/atlas/responsibility-assignment/,10.5281/zenodo.20118267,CC-BY-NC-ND-4.0,0009-0006-3773-7796
AUG-0145,responsibility-spectrum,The Responsibility Spectrum,The Responsibility Spectrum,,,https://andreasehstandlicenseofclarityloc.github.io/augmanitai-stage-0/atlas/responsibility-spectrum/,10.5281/zenodo.20118267,CC-BY-NC-ND-4.0,0009-0006-3773-7796
AUG-0938,responsive-environment,The Responsive Environment,The Responsive Environment,,,https://andreasehstandlicenseofclarityloc.github.io/augmanitai-stage-0/atlas/responsive-environment/,10.5281/zenodo.20118267,CC-BY-NC-ND-4.0,0009-0006-3773-7796
AUG-STAGE0-rest-fidget,rest-fidget,Rest Fidget,Rest-Unruhe,,,https://andreasehstandlicenseofclarityloc.github.io/augmanitai-stage-0/atlas/rest-fidget/,10.5281/zenodo.20118267,CC-BY-NC-ND-4.0,0009-0006-3773-7796
AUG-0499,restart-button,The Restart Button,The Restart Button,,,https://andreasehstandlicenseofclarityloc.github.io/augmanitai-stage-0/atlas/restart-button/,10.5281/zenodo.20118267,CC-BY-NC-ND-4.0,0009-0006-3773-7796
AUG-STAGE0-restoration-temporal-pattern,restoration-temporal-pattern,Restoration-Temporal Pattern,Erholungs-Zeit,,,https://andreasehstandlicenseofclarityloc.github.io/augmanitai-stage-0/atlas/restoration-temporal-pattern/,10.5281/zenodo.20118267,CC-BY-NC-ND-4.0,0009-0006-3773-7796
AUG-0478,resulting-connection-effect,Resulting-Connection Effect,Wi-Fi Moment,,,https://andreasehstandlicenseofclarityloc.github.io/augmanitai-stage-0/atlas/resulting-connection-effect/,10.5281/zenodo.20118267,CC-BY-NC-ND-4.0,0009-0006-3773-7796
AUG-0943,retirement-procedure,The Retirement Procedure,The Retirement Procedure,,,https://andreasehstandlicenseofclarityloc.github.io/augmanitai-stage-0/atlas/retirement-procedure/,10.5281/zenodo.20118267,CC-BY-NC-ND-4.0,0009-0006-3773-7796
AUG-0758,retirement-reorientation,The Retirement Reorientation,The Retirement Reorientation,,,https://andreasehstandlicenseofclarityloc.github.io/augmanitai-stage-0/atlas/retirement-reorientation/,10.5281/zenodo.20118267,CC-BY-NC-ND-4.0,0009-0006-3773-7796
AUG-STAGE0-return-residual-effect,return-residual-effect,Return-Residual Effect,Rücken-Schmerz,,,https://andreasehstandlicenseofclarityloc.github.io/augmanitai-stage-0/atlas/return-residual-effect/,10.5281/zenodo.20118267,CC-BY-NC-ND-4.0,0009-0006-3773-7796
AUG-0123,return-shock,The Return Shock,The Return Shock,,,https://andreasehstandlicenseofclarityloc.github.io/augmanitai-stage-0/atlas/return-shock/,10.5281/zenodo.20118267,CC-BY-NC-ND-4.0,0009-0006-3773-7796
AUG-0300,return-to-baseline,The Return to Baseline,The Return to Baseline,,,https://andreasehstandlicenseofclarityloc.github.io/augmanitai-stage-0/atlas/return-to-baseline/,10.5281/zenodo.20118267,CC-BY-NC-ND-4.0,0009-0006-3773-7796
AUG-0207,return-to-manual,The Return to Manual,The Return to Manual,,,https://andreasehstandlicenseofclarityloc.github.io/augmanitai-stage-0/atlas/return-to-manual/,10.5281/zenodo.20118267,CC-BY-NC-ND-4.0,0009-0006-3773-7796
AUG-STAGE0-reunion-joy-indicator,reunion-joy-indicator,Reunion-Joy Indicator,Wieder-Freude,,,https://andreasehstandlicenseofclarityloc.github.io/augmanitai-stage-0/atlas/reunion-joy-indicator/,10.5281/zenodo.20118267,CC-BY-NC-ND-4.0,0009-0006-3773-7796
AUG-STAGE0-reunion-joy,reunion-joy,Reunion Joy,Wieder-Freude,,,https://andreasehstandlicenseofclarityloc.github.io/augmanitai-stage-0/atlas/reunion-joy/,10.5281/zenodo.20118267,CC-BY-NC-ND-4.0,0009-0006-3773-7796
AUG-STAGE0-reunion-reset-indicator,reunion-reset-indicator,Reunion-Reset Indicator,Wieder-Neustart,,,https://andreasehstandlicenseofclarityloc.github.io/augmanitai-stage-0/atlas/reunion-reset-indicator/,10.5281/zenodo.20118267,CC-BY-NC-ND-4.0,0009-0006-3773-7796
AUG-STAGE0-reunion-reset,reunion-reset,Reunion Reset,Wieder-Neustart,,,https://andreasehstandlicenseofclarityloc.github.io/augmanitai-stage-0/atlas/reunion-reset/,10.5281/zenodo.20118267,CC-BY-NC-ND-4.0,0009-0006-3773-7796
AUG-0750,reverse-innovation,The Reverse Innovation,The Reverse Innovation,,,https://andreasehstandlicenseofclarityloc.github.io/augmanitai-stage-0/atlas/reverse-innovation/,10.5281/zenodo.20118267,CC-BY-NC-ND-4.0,0009-0006-3773-7796
AUG-0105,reversibility-standard,The Reversibility Standard,The Reversibility Standard,,,https://andreasehstandlicenseofclarityloc.github.io/augmanitai-stage-0/atlas/reversibility-standard/,10.5281/zenodo.20118267,CC-BY-NC-ND-4.0,0009-0006-3773-7796
AUG-0792,review-process-observation,The Review Process Observation,The Review Process Observation,,,https://andreasehstandlicenseofclarityloc.github.io/augmanitai-stage-0/atlas/review-process-observation/,10.5281/zenodo.20118267,CC-BY-NC-ND-4.0,0009-0006-3773-7796
AUG-0669,rhetorical-style-differential,The Rhetorical Style Differential,The Rhetorical Style Differential,,,https://andreasehstandlicenseofclarityloc.github.io/augmanitai-stage-0/atlas/rhetorical-style-differential/,10.5281/zenodo.20118267,CC-BY-NC-ND-4.0,0009-0006-3773-7796
AUG-0670,rhetorical-tone-detector,The Rhetorical Tone Detector,The Rhetorical Tone Detector,,,https://andreasehstandlicenseofclarityloc.github.io/augmanitai-stage-0/atlas/rhetorical-tone-detector/,10.5281/zenodo.20118267,CC-BY-NC-ND-4.0,0009-0006-3773-7796
AUG-STAGE0-ritual-form-pattern,ritual-form-pattern,Ritual-Form Pattern,Ritual-Form,,,https://andreasehstandlicenseofclarityloc.github.io/augmanitai-stage-0/atlas/ritual-form-pattern/,10.5281/zenodo.20118267,CC-BY-NC-ND-4.0,0009-0006-3773-7796
AUG-STAGE0-ritual-form,ritual-form,Ritual Form,Ritual-Form,,,https://andreasehstandlicenseofclarityloc.github.io/augmanitai-stage-0/atlas/ritual-form/,10.5281/zenodo.20118267,CC-BY-NC-ND-4.0,0009-0006-3773-7796
AUG-0965,robustness-standard,The Robustness Standard,The Robustness Standard,,,https://andreasehstandlicenseofclarityloc.github.io/augmanitai-stage-0/atlas/robustness-standard/,10.5281/zenodo.20118267,CC-BY-NC-ND-4.0,0009-0006-3773-7796
AUG-0675,role-aware-input,The Role-Aware Input,The Role-Aware Input,,,https://andreasehstandlicenseofclarityloc.github.io/augmanitai-stage-0/atlas/role-aware-input/,10.5281/zenodo.20118267,CC-BY-NC-ND-4.0,0009-0006-3773-7796
AUG-0390,role-judgment-effect,Role-Judgment Effect,Late-Night Confidant,,,https://andreasehstandlicenseofclarityloc.github.io/augmanitai-stage-0/atlas/role-judgment-effect/,10.5281/zenodo.20118267,CC-BY-NC-ND-4.0,0009-0006-3773-7796
AUG-0358,roleplay-crush,The Roleplay Crush,The Roleplay Crush,,,https://andreasehstandlicenseofclarityloc.github.io/augmanitai-stage-0/atlas/roleplay-crush/,10.5281/zenodo.20118267,CC-BY-NC-ND-4.0,0009-0006-3773-7796
AUG-0675,roles-contextualized-effect,Roles-Contextualized Effect,Role-Aware Input,,,https://andreasehstandlicenseofclarityloc.github.io/augmanitai-stage-0/atlas/roles-contextualized-effect/,10.5281/zenodo.20118267,CC-BY-NC-ND-4.0,0009-0006-3773-7796
AUG-0868,rollback-option,The Rollback Option,The Rollback Option,,,https://andreasehstandlicenseofclarityloc.github.io/augmanitai-stage-0/atlas/rollback-option/,10.5281/zenodo.20118267,CC-BY-NC-ND-4.0,0009-0006-3773-7796
AUG-0439,room-preview,The Room Preview,The Room Preview,,,https://andreasehstandlicenseofclarityloc.github.io/augmanitai-stage-0/atlas/room-preview/,10.5281/zenodo.20118267,CC-BY-NC-ND-4.0,0009-0006-3773-7796
AUG-0418,routine-breaker,The Routine Breaker,The Routine Breaker,,,https://andreasehstandlicenseofclarityloc.github.io/augmanitai-stage-0/atlas/routine-breaker/,10.5281/zenodo.20118267,CC-BY-NC-ND-4.0,0009-0006-3773-7796
AUG-0494,rubber-duck,The Rubber Duck,The Rubber Duck,,,https://andreasehstandlicenseofclarityloc.github.io/augmanitai-stage-0/atlas/rubber-duck/,10.5281/zenodo.20118267,CC-BY-NC-ND-4.0,0009-0006-3773-7796
AUG-0247,safe-release,The Safe Release,The Safe Release,,,https://andreasehstandlicenseofclarityloc.github.io/augmanitai-stage-0/atlas/safe-release/,10.5281/zenodo.20118267,CC-BY-NC-ND-4.0,0009-0006-3773-7796
AUG-STAGE0-safe-space-effect,safe-space-effect,Safe-Space Effect,Sicherer Raum,,,https://andreasehstandlicenseofclarityloc.github.io/augmanitai-stage-0/atlas/safe-space-effect/,10.5281/zenodo.20118267,CC-BY-NC-ND-4.0,0009-0006-3773-7796
AUG-STAGE0-safe-space,safe-space,Safe Space,Sicherer Raum,,,https://andreasehstandlicenseofclarityloc.github.io/augmanitai-stage-0/atlas/safe-space/,10.5281/zenodo.20118267,CC-BY-NC-ND-4.0,0009-0006-3773-7796
AUG-0537,safety-bubble,The Safety Bubble,The Safety Bubble,,,https://andreasehstandlicenseofclarityloc.github.io/augmanitai-stage-0/atlas/safety-bubble/,10.5281/zenodo.20118267,CC-BY-NC-ND-4.0,0009-0006-3773-7796
AUG-0445,scare-filter,The Scare Filter,The Scare Filter,,,https://andreasehstandlicenseofclarityloc.github.io/augmanitai-stage-0/atlas/scare-filter/,10.5281/zenodo.20118267,CC-BY-NC-ND-4.0,0009-0006-3773-7796
AUG-0041,scatter-spark,The Scatter Spark,The Scatter Spark,,,https://andreasehstandlicenseofclarityloc.github.io/augmanitai-stage-0/atlas/scatter-spark/,10.5281/zenodo.20118267,CC-BY-NC-ND-4.0,0009-0006-3773-7796
AUG-0289,scenarios-decision-effect,Scenarios-Decision Effect,What-If Run,,,https://andreasehstandlicenseofclarityloc.github.io/augmanitai-stage-0/atlas/scenarios-decision-effect/,10.5281/zenodo.20118267,CC-BY-NC-ND-4.0,0009-0006-3773-7796
AUG-0994,scientific-collaboration,The Scientific Collaboration,The Scientific Collaboration,,,https://andreasehstandlicenseofclarityloc.github.io/augmanitai-stage-0/atlas/scientific-collaboration/,10.5281/zenodo.20118267,CC-BY-NC-ND-4.0,0009-0006-3773-7796
AUG-0948,scope-creep-alert,The Scope Creep Alert,The Scope Creep Alert,,,https://andreasehstandlicenseofclarityloc.github.io/augmanitai-stage-0/atlas/scope-creep-alert/,10.5281/zenodo.20118267,CC-BY-NC-ND-4.0,0009-0006-3773-7796
AUG-0947,scope-limitation-design,The Scope Limitation Design,The Scope Limitation Design,,,https://andreasehstandlicenseofclarityloc.github.io/augmanitai-stage-0/atlas/scope-limitation-design/,10.5281/zenodo.20118267,CC-BY-NC-ND-4.0,0009-0006-3773-7796
AUG-0293,screenshot-diary,The Screenshot Diary,The Screenshot Diary,,,https://andreasehstandlicenseofclarityloc.github.io/augmanitai-stage-0/atlas/screenshot-diary/,10.5281/zenodo.20118267,CC-BY-NC-ND-4.0,0009-0006-3773-7796
AUG-0689,script-barrier,The Script Barrier,The Script Barrier,,,https://andreasehstandlicenseofclarityloc.github.io/augmanitai-stage-0/atlas/script-barrier/,10.5281/zenodo.20118267,CC-BY-NC-ND-4.0,0009-0006-3773-7796
AUG-0312,scroll-pause,The Scroll Pause,The Scroll Pause,,,https://andreasehstandlicenseofclarityloc.github.io/augmanitai-stage-0/atlas/scroll-pause/,10.5281/zenodo.20118267,CC-BY-NC-ND-4.0,0009-0006-3773-7796
AUG-0305,seasonal-user,The Seasonal User,The Seasonal User,,,https://andreasehstandlicenseofclarityloc.github.io/augmanitai-stage-0/atlas/seasonal-user/,10.5281/zenodo.20118267,CC-BY-NC-ND-4.0,0009-0006-3773-7796
AUG-0169,second-language-fluency,The Second-Language Fluency,The Second-Language Fluency,,,https://andreasehstandlicenseofclarityloc.github.io/augmanitai-stage-0/atlas/second-language-fluency/,10.5281/zenodo.20118267,CC-BY-NC-ND-4.0,0009-0006-3773-7796
AUG-0707,second-language-friction,The Second-Language Friction,The Second-Language Friction,,,https://andreasehstandlicenseofclarityloc.github.io/augmanitai-stage-0/atlas/second-language-friction/,10.5281/zenodo.20118267,CC-BY-NC-ND-4.0,0009-0006-3773-7796
AUG-0341,secret-map,The Secret Map,The Secret Map,,,https://andreasehstandlicenseofclarityloc.github.io/augmanitai-stage-0/atlas/secret-map/,10.5281/zenodo.20118267,CC-BY-NC-ND-4.0,0009-0006-3773-7796
AUG-STAGE0-secret-pact-mechanism,secret-pact-mechanism,Secret-Pact Mechanism,Geheimnis-Pakt,,,https://andreasehstandlicenseofclarityloc.github.io/augmanitai-stage-0/atlas/secret-pact-mechanism/,10.5281/zenodo.20118267,CC-BY-NC-ND-4.0,0009-0006-3773-7796
AUG-STAGE0-secret-pact,secret-pact,Secret Pact,Geheimnis-Pakt,,,https://andreasehstandlicenseofclarityloc.github.io/augmanitai-stage-0/atlas/secret-pact/,10.5281/zenodo.20118267,CC-BY-NC-ND-4.0,0009-0006-3773-7796
AUG-STAGE0-seeking-absence-mechanism,seeking-absence-mechanism,Seeking-Absence Mechanism,Durst-Übersehen,,,https://andreasehstandlicenseofclarityloc.github.io/augmanitai-stage-0/atlas/seeking-absence-mechanism/,10.5281/zenodo.20118267,CC-BY-NC-ND-4.0,0009-0006-3773-7796
AUG-0245,seen-feeling,The Seen Feeling,The Seen Feeling,,,https://andreasehstandlicenseofclarityloc.github.io/augmanitai-stage-0/atlas/seen-feeling/,10.5281/zenodo.20118267,CC-BY-NC-ND-4.0,0009-0006-3773-7796
AUG-0171,self-encounter,The Self-Encounter,The Self-Encounter,,,https://andreasehstandlicenseofclarityloc.github.io/augmanitai-stage-0/atlas/self-encounter/,10.5281/zenodo.20118267,CC-BY-NC-ND-4.0,0009-0006-3773-7796
AUG-0522,self-view-pool,The Self-View Pool,The Self-View Pool,,,https://andreasehstandlicenseofclarityloc.github.io/augmanitai-stage-0/atlas/self-view-pool/,10.5281/zenodo.20118267,CC-BY-NC-ND-4.0,0009-0006-3773-7796
AUG-0019,semantic-ejection,Semantic Ejection,Semantic Ejection,,,https://andreasehstandlicenseofclarityloc.github.io/augmanitai-stage-0/atlas/semantic-ejection/,10.5281/zenodo.20118267,CC-BY-NC-ND-4.0,0009-0006-3773-7796
AUG-0719,semantic-field-shift,The Semantic Field Shift,The Semantic Field Shift,,,https://andreasehstandlicenseofclarityloc.github.io/augmanitai-stage-0/atlas/semantic-field-shift/,10.5281/zenodo.20118267,CC-BY-NC-ND-4.0,0009-0006-3773-7796
AUG-0126,semantic-saturation,Semantic Saturation,Semantic Saturation,,,https://andreasehstandlicenseofclarityloc.github.io/augmanitai-stage-0/atlas/semantic-saturation/,10.5281/zenodo.20118267,CC-BY-NC-ND-4.0,0009-0006-3773-7796
AUG-0031,semantic-spark,Semantic Spark,Semantic Spark,,,https://andreasehstandlicenseofclarityloc.github.io/augmanitai-stage-0/atlas/semantic-spark/,10.5281/zenodo.20118267,CC-BY-NC-ND-4.0,0009-0006-3773-7796
AUG-0479,send-pause,The Send Pause,The Send Pause,,,https://andreasehstandlicenseofclarityloc.github.io/augmanitai-stage-0/atlas/send-pause/,10.5281/zenodo.20118267,CC-BY-NC-ND-4.0,0009-0006-3773-7796
AUG-0673,seniority-awareness,The Seniority Awareness,The Seniority Awareness,,,https://andreasehstandlicenseofclarityloc.github.io/augmanitai-stage-0/atlas/seniority-awareness/,10.5281/zenodo.20118267,CC-BY-NC-ND-4.0,0009-0006-3773-7796
AUG-STAGE0-sensory-deprivation-through-screens,sensory-deprivation-through-screens,Sensory Deprivation Through Screens,Sensorische Deprivation durch Bildschirme,,,https://andreasehstandlicenseofclarityloc.github.io/augmanitai-stage-0/atlas/sensory-deprivation-through-screens/,10.5281/zenodo.20118267,CC-BY-NC-ND-4.0,0009-0006-3773-7796
AUG-0934,sensory-extension,The Sensory Extension,The Sensory Extension,,,https://andreasehstandlicenseofclarityloc.github.io/augmanitai-stage-0/atlas/sensory-extension/,10.5281/zenodo.20118267,CC-BY-NC-ND-4.0,0009-0006-3773-7796
AUG-0968,separation-procedure,The Separation Procedure,The Separation Procedure,,,https://andreasehstandlicenseofclarityloc.github.io/augmanitai-stage-0/atlas/separation-procedure/,10.5281/zenodo.20118267,CC-BY-NC-ND-4.0,0009-0006-3773-7796
AUG-0886,sequential-chain,The Sequential Chain,The Sequential Chain,,,https://andreasehstandlicenseofclarityloc.github.io/augmanitai-stage-0/atlas/sequential-chain/,10.5281/zenodo.20118267,CC-BY-NC-ND-4.0,0009-0006-3773-7796
AUG-0661,sequential-time-orientation,The Sequential Time Orientation,The Sequential Time Orientation,,,https://andreasehstandlicenseofclarityloc.github.io/augmanitai-stage-0/atlas/sequential-time-orientation/,10.5281/zenodo.20118267,CC-BY-NC-ND-4.0,0009-0006-3773-7796
AUG-0927,service-robot,The Service Robot,The Service Robot,,,https://andreasehstandlicenseofclarityloc.github.io/augmanitai-stage-0/atlas/service-robot/,10.5281/zenodo.20118267,CC-BY-NC-ND-4.0,0009-0006-3773-7796
AUG-0138,session-architecture,The Session Architecture,The Session Architecture,,,https://andreasehstandlicenseofclarityloc.github.io/augmanitai-stage-0/atlas/session-architecture/,10.5281/zenodo.20118267,CC-BY-NC-ND-4.0,0009-0006-3773-7796
AUG-0175,session-boost,The Session Boost,The Session Boost,,,https://andreasehstandlicenseofclarityloc.github.io/augmanitai-stage-0/atlas/session-boost/,10.5281/zenodo.20118267,CC-BY-NC-ND-4.0,0009-0006-3773-7796
AUG-STAGE0-session-crash,session-crash,Session Crash,Sitzungs-Zusammenbruch,,,https://andreasehstandlicenseofclarityloc.github.io/augmanitai-stage-0/atlas/session-crash/,10.5281/zenodo.20118267,CC-BY-NC-ND-4.0,0009-0006-3773-7796
AUG-0879,session-handover,The Session Handover,The Session Handover,,,https://andreasehstandlicenseofclarityloc.github.io/augmanitai-stage-0/atlas/session-handover/,10.5281/zenodo.20118267,CC-BY-NC-ND-4.0,0009-0006-3773-7796
AUG-0146,shared-mind,The Shared Mind,The Shared Mind,,,https://andreasehstandlicenseofclarityloc.github.io/augmanitai-stage-0/atlas/shared-mind/,10.5281/zenodo.20118267,CC-BY-NC-ND-4.0,0009-0006-3773-7796
AUG-0197,shared-quiet,The Shared Quiet,The Shared Quiet,,,https://andreasehstandlicenseofclarityloc.github.io/augmanitai-stage-0/atlas/shared-quiet/,10.5281/zenodo.20118267,CC-BY-NC-ND-4.0,0009-0006-3773-7796
AUG-0304,shared-screen-talk,The Shared Screen Talk,The Shared Screen Talk,,,https://andreasehstandlicenseofclarityloc.github.io/augmanitai-stage-0/atlas/shared-screen-talk/,10.5281/zenodo.20118267,CC-BY-NC-ND-4.0,0009-0006-3773-7796
AUG-0924,shared-workspace-dynamic,The Shared Workspace Dynamic,The Shared Workspace Dynamic,,,https://andreasehstandlicenseofclarityloc.github.io/augmanitai-stage-0/atlas/shared-workspace-dynamic/,10.5281/zenodo.20118267,CC-BY-NC-ND-4.0,0009-0006-3773-7796
AUG-STAGE0-shared-world-tendency,shared-world-tendency,Shared-World Tendency,Geteilte Welt,,,https://andreasehstandlicenseofclarityloc.github.io/augmanitai-stage-0/atlas/shared-world-tendency/,10.5281/zenodo.20118267,CC-BY-NC-ND-4.0,0009-0006-3773-7796
AUG-STAGE0-shared-world,shared-world,Shared World,Geteilte Welt,,,https://andreasehstandlicenseofclarityloc.github.io/augmanitai-stage-0/atlas/shared-world/,10.5281/zenodo.20118267,CC-BY-NC-ND-4.0,0009-0006-3773-7796
AUG-0666,sharing-norm,The Sharing Norm,The Sharing Norm,,,https://andreasehstandlicenseofclarityloc.github.io/augmanitai-stage-0/atlas/sharing-norm/,10.5281/zenodo.20118267,CC-BY-NC-ND-4.0,0009-0006-3773-7796
AUG-0950,side-effect-monitor,The Side Effect Monitor,The Side Effect Monitor,,,https://andreasehstandlicenseofclarityloc.github.io/augmanitai-stage-0/atlas/side-effect-monitor/,10.5281/zenodo.20118267,CC-BY-NC-ND-4.0,0009-0006-3773-7796
AUG-0656,silence-interpretation,The Silence Interpretation,The Silence Interpretation,,,https://andreasehstandlicenseofclarityloc.github.io/augmanitai-stage-0/atlas/silence-interpretation/,10.5281/zenodo.20118267,CC-BY-NC-ND-4.0,0009-0006-3773-7796
AUG-0630,silent-dinner,The Silent Dinner,The Silent Dinner,,,https://andreasehstandlicenseofclarityloc.github.io/augmanitai-stage-0/atlas/silent-dinner/,10.5281/zenodo.20118267,CC-BY-NC-ND-4.0,0009-0006-3773-7796
AUG-0320,silent-flex,The Silent Flex,The Silent Flex,,,https://andreasehstandlicenseofclarityloc.github.io/augmanitai-stage-0/atlas/silent-flex/,10.5281/zenodo.20118267,CC-BY-NC-ND-4.0,0009-0006-3773-7796
AUG-0364,silent-outlet,The Silent Outlet,The Silent Outlet,,,https://andreasehstandlicenseofclarityloc.github.io/augmanitai-stage-0/atlas/silent-outlet/,10.5281/zenodo.20118267,CC-BY-NC-ND-4.0,0009-0006-3773-7796
AUG-0361,silent-room,The Silent Room,The Silent Room,,,https://andreasehstandlicenseofclarityloc.github.io/augmanitai-stage-0/atlas/silent-room/,10.5281/zenodo.20118267,CC-BY-NC-ND-4.0,0009-0006-3773-7796
AUG-0579,silicon-consigliere,The Silicon Consigliere,The Silicon Consigliere,,,https://andreasehstandlicenseofclarityloc.github.io/augmanitai-stage-0/atlas/silicon-consigliere/,10.5281/zenodo.20118267,CC-BY-NC-ND-4.0,0009-0006-3773-7796
AUG-0468,silicon-friend,The Silicon Friend,The Silicon Friend,,,https://andreasehstandlicenseofclarityloc.github.io/augmanitai-stage-0/atlas/silicon-friend/,10.5281/zenodo.20118267,CC-BY-NC-ND-4.0,0009-0006-3773-7796
AUG-0308,simple-mode,The Simple Mode,The Simple Mode,,,https://andreasehstandlicenseofclarityloc.github.io/augmanitai-stage-0/atlas/simple-mode/,10.5281/zenodo.20118267,CC-BY-NC-ND-4.0,0009-0006-3773-7796
AUG-0375,simulation-awareness,The Simulation Awareness,The Simulation Awareness,,,https://andreasehstandlicenseofclarityloc.github.io/augmanitai-stage-0/atlas/simulation-awareness/,10.5281/zenodo.20118267,CC-BY-NC-ND-4.0,0009-0006-3773-7796
AUG-0077,skills-current-effect,Skills-Current Effect,Status-Update Signal,,,https://andreasehstandlicenseofclarityloc.github.io/augmanitai-stage-0/atlas/skills-current-effect/,10.5281/zenodo.20118267,CC-BY-NC-ND-4.0,0009-0006-3773-7796
AUG-STAGE0-sleep-work-effect,sleep-work-effect,Sleep-Work Effect,Koerperliche-Vernachlaessigung-Gradient,,,https://andreasehstandlicenseofclarityloc.github.io/augmanitai-stage-0/atlas/sleep-work-effect/,10.5281/zenodo.20118267,CC-BY-NC-ND-4.0,0009-0006-3773-7796
AUG-0147,slow-integration-principle,The Slow Integration Principle,The Slow Integration Principle,,,https://andreasehstandlicenseofclarityloc.github.io/augmanitai-stage-0/atlas/slow-integration-principle/,10.5281/zenodo.20118267,CC-BY-NC-ND-4.0,0009-0006-3773-7796
AUG-0824,small-business-access,The Small Business Access,The Small Business Access,,,https://andreasehstandlicenseofclarityloc.github.io/augmanitai-stage-0/atlas/small-business-access/,10.5281/zenodo.20118267,CC-BY-NC-ND-4.0,0009-0006-3773-7796
AUG-0246,smart-shortcut,The Smart Shortcut,The Smart Shortcut,,,https://andreasehstandlicenseofclarityloc.github.io/augmanitai-stage-0/atlas/smart-shortcut/,10.5281/zenodo.20118267,CC-BY-NC-ND-4.0,0009-0006-3773-7796
AUG-0723,smartphone-only-world,The Smartphone-Only World,The Smartphone-Only World,,,https://andreasehstandlicenseofclarityloc.github.io/augmanitai-stage-0/atlas/smartphone-only-world/,10.5281/zenodo.20118267,CC-BY-NC-ND-4.0,0009-0006-3773-7796
AUG-0026,smooth-shield,The Smooth Shield,The Smooth Shield,,,https://andreasehstandlicenseofclarityloc.github.io/augmanitai-stage-0/atlas/smooth-shield/,10.5281/zenodo.20118267,CC-BY-NC-ND-4.0,0009-0006-3773-7796
AUG-0115,social-aerodynamics,Social Aerodynamics,Social Aerodynamics,,,https://andreasehstandlicenseofclarityloc.github.io/augmanitai-stage-0/atlas/social-aerodynamics/,10.5281/zenodo.20118267,CC-BY-NC-ND-4.0,0009-0006-3773-7796
AUG-0853,social-contract-debate,The Social Contract Debate,The Social Contract Debate,,,https://andreasehstandlicenseofclarityloc.github.io/augmanitai-stage-0/atlas/social-contract-debate/,10.5281/zenodo.20118267,CC-BY-NC-ND-4.0,0009-0006-3773-7796
AUG-0533,social-script,The Social Script,The Social Script,,,https://andreasehstandlicenseofclarityloc.github.io/augmanitai-stage-0/atlas/social-script/,10.5281/zenodo.20118267,CC-BY-NC-ND-4.0,0009-0006-3773-7796
AUG-0803,socioeconomic-attend-effect,Socioeconomic-Attend Effect,First-Generation Support,,,https://andreasehstandlicenseofclarityloc.github.io/augmanitai-stage-0/atlas/socioeconomic-attend-effect/,10.5281/zenodo.20118267,CC-BY-NC-ND-4.0,0009-0006-3773-7796
AUG-0676,socioeconomic-range,The Socioeconomic Range,The Socioeconomic Range,,,https://andreasehstandlicenseofclarityloc.github.io/augmanitai-stage-0/atlas/socioeconomic-range/,10.5281/zenodo.20118267,CC-BY-NC-ND-4.0,0009-0006-3773-7796
AUG-0234,soft-landing,The Soft Landing,The Soft Landing,,,https://andreasehstandlicenseofclarityloc.github.io/augmanitai-stage-0/atlas/soft-landing/,10.5281/zenodo.20118267,CC-BY-NC-ND-4.0,0009-0006-3773-7796
AUG-0523,solo-output,The Solo Output,The Solo Output,,,https://andreasehstandlicenseofclarityloc.github.io/augmanitai-stage-0/atlas/solo-output/,10.5281/zenodo.20118267,CC-BY-NC-ND-4.0,0009-0006-3773-7796
AUG-STAGE0-somatic-disconnection-during-flow,somatic-disconnection-during-flow,Somatic Disconnection During Flow,Somatische Diskonnektivitaet während Flow,,,https://andreasehstandlicenseofclarityloc.github.io/augmanitai-stage-0/atlas/somatic-disconnection-during-flow/,10.5281/zenodo.20118267,CC-BY-NC-ND-4.0,0009-0006-3773-7796
AUG-0988,somatic-etiquette,The Somatic Etiquette,The Somatic Etiquette,,,https://andreasehstandlicenseofclarityloc.github.io/augmanitai-stage-0/atlas/somatic-etiquette/,10.5281/zenodo.20118267,CC-BY-NC-ND-4.0,0009-0006-3773-7796
AUG-STAGE0-soul-mirror-mechanism,soul-mirror-mechanism,Soul-Mirror Mechanism,Seelen-Spiegel,,,https://andreasehstandlicenseofclarityloc.github.io/augmanitai-stage-0/atlas/soul-mirror-mechanism/,10.5281/zenodo.20118267,CC-BY-NC-ND-4.0,0009-0006-3773-7796
AUG-STAGE0-soul-mirror,soul-mirror,Soul Mirror,Seelen-Spiegel,,,https://andreasehstandlicenseofclarityloc.github.io/augmanitai-stage-0/atlas/soul-mirror/,10.5281/zenodo.20118267,CC-BY-NC-ND-4.0,0009-0006-3773-7796
AUG-0102,sovereignty-principle,The Sovereignty Principle,The Sovereignty Principle,,,https://andreasehstandlicenseofclarityloc.github.io/augmanitai-stage-0/atlas/sovereignty-principle/,10.5281/zenodo.20118267,CC-BY-NC-ND-4.0,0009-0006-3773-7796
AUG-0732,sovereignty-question,The Sovereignty Question,The Sovereignty Question,,,https://andreasehstandlicenseofclarityloc.github.io/augmanitai-stage-0/atlas/sovereignty-question/,10.5281/zenodo.20118267,CC-BY-NC-ND-4.0,0009-0006-3773-7796
AUG-0335,spaghetti-moment,The Spaghetti Moment,The Spaghetti Moment,,,https://andreasehstandlicenseofclarityloc.github.io/augmanitai-stage-0/atlas/spaghetti-moment/,10.5281/zenodo.20118267,CC-BY-NC-ND-4.0,0009-0006-3773-7796
AUG-0363,spanglish-mix,The Spanglish Mix,The Spanglish Mix,,,https://andreasehstandlicenseofclarityloc.github.io/augmanitai-stage-0/atlas/spanglish-mix/,10.5281/zenodo.20118267,CC-BY-NC-ND-4.0,0009-0006-3773-7796
AUG-0182,spark-flight,Spark Flight,Spark Flight,,,https://andreasehstandlicenseofclarityloc.github.io/augmanitai-stage-0/atlas/spark-flight/,10.5281/zenodo.20118267,CC-BY-NC-ND-4.0,0009-0006-3773-7796
AUG-0919,spatial-awareness,The Spatial Awareness,The Spatial Awareness,,,https://andreasehstandlicenseofclarityloc.github.io/augmanitai-stage-0/atlas/spatial-awareness/,10.5281/zenodo.20118267,CC-BY-NC-ND-4.0,0009-0006-3773-7796
AUG-0712,speak-language-effect,Speak-Language Effect,Written-Spoken Split,,,https://andreasehstandlicenseofclarityloc.github.io/augmanitai-stage-0/atlas/speak-language-effect/,10.5281/zenodo.20118267,CC-BY-NC-ND-4.0,0009-0006-3773-7796
AUG-0801,special-needs-assist,The Special Needs Assist,The Special Needs Assist,,,https://andreasehstandlicenseofclarityloc.github.io/augmanitai-stage-0/atlas/special-needs-assist/,10.5281/zenodo.20118267,CC-BY-NC-ND-4.0,0009-0006-3773-7796
AUG-0890,specialist-routing,The Specialist Routing,The Specialist Routing,,,https://andreasehstandlicenseofclarityloc.github.io/augmanitai-stage-0/atlas/specialist-routing/,10.5281/zenodo.20118267,CC-BY-NC-ND-4.0,0009-0006-3773-7796
AUG-0173,speed-check,The Speed Check,The Speed Check,,,https://andreasehstandlicenseofclarityloc.github.io/augmanitai-stage-0/atlas/speed-check/,10.5281/zenodo.20118267,CC-BY-NC-ND-4.0,0009-0006-3773-7796
AUG-0124,speed-gap,The Speed Gap,The Speed Gap,,,https://andreasehstandlicenseofclarityloc.github.io/augmanitai-stage-0/atlas/speed-gap/,10.5281/zenodo.20118267,CC-BY-NC-ND-4.0,0009-0006-3773-7796
AUG-0009,speed-limit,The Speed Limit,The Speed Limit,,,https://andreasehstandlicenseofclarityloc.github.io/augmanitai-stage-0/atlas/speed-limit/,10.5281/zenodo.20118267,CC-BY-NC-ND-4.0,0009-0006-3773-7796
AUG-0371,sports-shortcut,The Sports Shortcut,The Sports Shortcut,,,https://andreasehstandlicenseofclarityloc.github.io/augmanitai-stage-0/atlas/sports-shortcut/,10.5281/zenodo.20118267,CC-BY-NC-ND-4.0,0009-0006-3773-7796
AUG-0469,spreadsheet-relief,The Spreadsheet Relief,The Spreadsheet Relief,,,https://andreasehstandlicenseofclarityloc.github.io/augmanitai-stage-0/atlas/spreadsheet-relief/,10.5281/zenodo.20118267,CC-BY-NC-ND-4.0,0009-0006-3773-7796
AUG-0199,stance-work-effect,Stance-Work Effect,Both-And,,,https://andreasehstandlicenseofclarityloc.github.io/augmanitai-stage-0/atlas/stance-work-effect/,10.5281/zenodo.20118267,CC-BY-NC-ND-4.0,0009-0006-3773-7796
AUG-0623,standard-checker,The Standard Checker,The Standard Checker,,,https://andreasehstandlicenseofclarityloc.github.io/augmanitai-stage-0/atlas/standard-checker/,10.5281/zenodo.20118267,CC-BY-NC-ND-4.0,0009-0006-3773-7796
AUG-0491,state-label,The State Label,The State Label,,,https://andreasehstandlicenseofclarityloc.github.io/augmanitai-stage-0/atlas/state-label/,10.5281/zenodo.20118267,CC-BY-NC-ND-4.0,0009-0006-3773-7796
AUG-0578,state-sequence,The State Sequence,The State Sequence,,,https://andreasehstandlicenseofclarityloc.github.io/augmanitai-stage-0/atlas/state-sequence/,10.5281/zenodo.20118267,CC-BY-NC-ND-4.0,0009-0006-3773-7796
AUG-0104,statement-individual-effect,Statement-Individual Effect,Non-Force Principle,,,https://andreasehstandlicenseofclarityloc.github.io/augmanitai-stage-0/atlas/statement-individual-effect/,10.5281/zenodo.20118267,CC-BY-NC-ND-4.0,0009-0006-3773-7796
AUG-0996,status-discourse,The Status Discourse,The Status Discourse,,,https://andreasehstandlicenseofclarityloc.github.io/augmanitai-stage-0/atlas/status-discourse/,10.5281/zenodo.20118267,CC-BY-NC-ND-4.0,0009-0006-3773-7796
AUG-0400,status-pulse,The Status Pulse,The Status Pulse,,,https://andreasehstandlicenseofclarityloc.github.io/augmanitai-stage-0/atlas/status-pulse/,10.5281/zenodo.20118267,CC-BY-NC-ND-4.0,0009-0006-3773-7796
AUG-0077,status-update-signal,The Status-Update Signal,The Status-Update Signal,,,https://andreasehstandlicenseofclarityloc.github.io/augmanitai-stage-0/atlas/status-update-signal/,10.5281/zenodo.20118267,CC-BY-NC-ND-4.0,0009-0006-3773-7796
AUG-0276,steady-stream,The Steady Stream,The Steady Stream,,,https://andreasehstandlicenseofclarityloc.github.io/augmanitai-stage-0/atlas/steady-stream/,10.5281/zenodo.20118267,CC-BY-NC-ND-4.0,0009-0006-3773-7796
AUG-0620,steam-release,The Steam Release,The Steam Release,,,https://andreasehstandlicenseofclarityloc.github.io/augmanitai-stage-0/atlas/steam-release/,10.5281/zenodo.20118267,CC-BY-NC-ND-4.0,0009-0006-3773-7796
AUG-0200,still-here,Still Here,Still Here,,,https://andreasehstandlicenseofclarityloc.github.io/augmanitai-stage-0/atlas/still-here/,10.5281/zenodo.20118267,CC-BY-NC-ND-4.0,0009-0006-3773-7796
AUG-STAGE0-stimulation-hunger-cycle,stimulation-hunger-cycle,The Stimulation Hunger Cycle,Stimulations-Hunger-Zyklus,,,https://andreasehstandlicenseofclarityloc.github.io/augmanitai-stage-0/atlas/stimulation-hunger-cycle/,10.5281/zenodo.20118267,CC-BY-NC-ND-4.0,0009-0006-3773-7796
AUG-STAGE0-story-keep-signal,story-keep-signal,Story-Keep Signal,Geschichts-Hüter,,,https://andreasehstandlicenseofclarityloc.github.io/augmanitai-stage-0/atlas/story-keep-signal/,10.5281/zenodo.20118267,CC-BY-NC-ND-4.0,0009-0006-3773-7796
AUG-STAGE0-story-keep,story-keep,Story Keep,Geschichts-Hüter,,,https://andreasehstandlicenseofclarityloc.github.io/augmanitai-stage-0/atlas/story-keep/,10.5281/zenodo.20118267,CC-BY-NC-ND-4.0,0009-0006-3773-7796
AUG-0704,street-language-input,The Street Language Input,The Street Language Input,,,https://andreasehstandlicenseofclarityloc.github.io/augmanitai-stage-0/atlas/street-language-input/,10.5281/zenodo.20118267,CC-BY-NC-ND-4.0,0009-0006-3773-7796
AUG-STAGE0-stress-response,stress-response,Stress Response,Stress-Reaktion,,,https://andreasehstandlicenseofclarityloc.github.io/augmanitai-stage-0/atlas/stress-response/,10.5281/zenodo.20118267,CC-BY-NC-ND-4.0,0009-0006-3773-7796
AUG-0787,study-group-dynamics,The Study Group Dynamics,The Study Group Dynamics,,,https://andreasehstandlicenseofclarityloc.github.io/augmanitai-stage-0/atlas/study-group-dynamics/,10.5281/zenodo.20118267,CC-BY-NC-ND-4.0,0009-0006-3773-7796
AUG-0572,style-copy,The Style Copy,The Style Copy,,,https://andreasehstandlicenseofclarityloc.github.io/augmanitai-stage-0/atlas/style-copy/,10.5281/zenodo.20118267,CC-BY-NC-ND-4.0,0009-0006-3773-7796
AUG-0464,style-rater,The Style Rater,The Style Rater,,,https://andreasehstandlicenseofclarityloc.github.io/augmanitai-stage-0/atlas/style-rater/,10.5281/zenodo.20118267,CC-BY-NC-ND-4.0,0009-0006-3773-7796
AUG-0501,style-shifter,The Style Shifter,The Style Shifter,,,https://andreasehstandlicenseofclarityloc.github.io/augmanitai-stage-0/atlas/style-shifter/,10.5281/zenodo.20118267,CC-BY-NC-ND-4.0,0009-0006-3773-7796
AUG-0392,stylistic-drift,The Stylistic Drift,The Stylistic Drift,,,https://andreasehstandlicenseofclarityloc.github.io/augmanitai-stage-0/atlas/stylistic-drift/,10.5281/zenodo.20118267,CC-BY-NC-ND-4.0,0009-0006-3773-7796
AUG-STAGE0-subtle-love-tendency,subtle-love-tendency,Subtle-Love Tendency,Stille Liebe,,,https://andreasehstandlicenseofclarityloc.github.io/augmanitai-stage-0/atlas/subtle-love-tendency/,10.5281/zenodo.20118267,CC-BY-NC-ND-4.0,0009-0006-3773-7796
AUG-0587,succession-test,The Succession Test,The Succession Test,,,https://andreasehstandlicenseofclarityloc.github.io/augmanitai-stage-0/atlas/succession-test/,10.5281/zenodo.20118267,CC-BY-NC-ND-4.0,0009-0006-3773-7796
AUG-0459,summary-awareness,The Summary Awareness,The Summary Awareness,,,https://andreasehstandlicenseofclarityloc.github.io/augmanitai-stage-0/atlas/summary-awareness/,10.5281/zenodo.20118267,CC-BY-NC-ND-4.0,0009-0006-3773-7796
AUG-0240,sunday-restart,The Sunday Restart,The Sunday Restart,,,https://andreasehstandlicenseofclarityloc.github.io/augmanitai-stage-0/atlas/sunday-restart/,10.5281/zenodo.20118267,CC-BY-NC-ND-4.0,0009-0006-3773-7796
AUG-0189,sunday-scaries-dissolve,The Sunday Scaries Dissolve,The Sunday Scaries Dissolve,,,https://andreasehstandlicenseofclarityloc.github.io/augmanitai-stage-0/atlas/sunday-scaries-dissolve/,10.5281/zenodo.20118267,CC-BY-NC-ND-4.0,0009-0006-3773-7796
AUG-0321,sunk-cost-chat,The Sunk Cost Chat,The Sunk Cost Chat,,,https://andreasehstandlicenseofclarityloc.github.io/augmanitai-stage-0/atlas/sunk-cost-chat/,10.5281/zenodo.20118267,CC-BY-NC-ND-4.0,0009-0006-3773-7796
AUG-0972,sunset-planning,The Sunset Planning,The Sunset Planning,,,https://andreasehstandlicenseofclarityloc.github.io/augmanitai-stage-0/atlas/sunset-planning/,10.5281/zenodo.20118267,CC-BY-NC-ND-4.0,0009-0006-3773-7796
AUG-0862,supervision-spectrum,The Supervision Spectrum,The Supervision Spectrum,,,https://andreasehstandlicenseofclarityloc.github.io/augmanitai-stage-0/atlas/supervision-spectrum/,10.5281/zenodo.20118267,CC-BY-NC-ND-4.0,0009-0006-3773-7796
AUG-0913,supervisory-agent,The Supervisory Agent,The Supervisory Agent,,,https://andreasehstandlicenseofclarityloc.github.io/augmanitai-stage-0/atlas/supervisory-agent/,10.5281/zenodo.20118267,CC-BY-NC-ND-4.0,0009-0006-3773-7796
AUG-0448,surface-lookup,The Surface Lookup,The Surface Lookup,,,https://andreasehstandlicenseofclarityloc.github.io/augmanitai-stage-0/atlas/surface-lookup/,10.5281/zenodo.20118267,CC-BY-NC-ND-4.0,0009-0006-3773-7796
AUG-0248,surprise-angle,The Surprise Angle,The Surprise Angle,,,https://andreasehstandlicenseofclarityloc.github.io/augmanitai-stage-0/atlas/surprise-angle/,10.5281/zenodo.20118267,CC-BY-NC-ND-4.0,0009-0006-3773-7796
AUG-STAGE0-sustained-strain-response,sustained-strain-response,Sustained-Strain Response,Nacken-Spannung,,,https://andreasehstandlicenseofclarityloc.github.io/augmanitai-stage-0/atlas/sustained-strain-response/,10.5281/zenodo.20118267,CC-BY-NC-ND-4.0,0009-0006-3773-7796
AUG-0290,switching-feeling-effect,Switching-Feeling Effect,Re-Entry Blur,,,https://andreasehstandlicenseofclarityloc.github.io/augmanitai-stage-0/atlas/switching-feeling-effect/,10.5281/zenodo.20118267,CC-BY-NC-ND-4.0,0009-0006-3773-7796
AUG-0718,syllabic-rhythm,The Syllabic Rhythm,The Syllabic Rhythm,,,https://andreasehstandlicenseofclarityloc.github.io/augmanitai-stage-0/atlas/syllabic-rhythm/,10.5281/zenodo.20118267,CC-BY-NC-ND-4.0,0009-0006-3773-7796
AUG-0141,symbiosis-spectrum,The Symbiosis Spectrum,The Symbiosis Spectrum,,,https://andreasehstandlicenseofclarityloc.github.io/augmanitai-stage-0/atlas/symbiosis-spectrum/,10.5281/zenodo.20118267,CC-BY-NC-ND-4.0,0009-0006-3773-7796
AUG-0192,symbiotic-thinking-effect,Symbiotic-Thinking Effect,Thinking-With Feeling,,,https://andreasehstandlicenseofclarityloc.github.io/augmanitai-stage-0/atlas/symbiotic-thinking-effect/,10.5281/zenodo.20118267,CC-BY-NC-ND-4.0,0009-0006-3773-7796
AUG-0122,symbiotic-work-state,Symbiotic Work State,Symbiotic Work State,,,https://andreasehstandlicenseofclarityloc.github.io/augmanitai-stage-0/atlas/symbiotic-work-state/,10.5281/zenodo.20118267,CC-BY-NC-ND-4.0,0009-0006-3773-7796
AUG-0477,synonym-hunt,The Synonym Hunt,The Synonym Hunt,,,https://andreasehstandlicenseofclarityloc.github.io/augmanitai-stage-0/atlas/synonym-hunt/,10.5281/zenodo.20118267,CC-BY-NC-ND-4.0,0009-0006-3773-7796
AUG-0368,syntax-smile,The Syntax Smile,The Syntax Smile,,,https://andreasehstandlicenseofclarityloc.github.io/augmanitai-stage-0/atlas/syntax-smile/,10.5281/zenodo.20118267,CC-BY-NC-ND-4.0,0009-0006-3773-7796
AUG-0283,syntax-voice,The Syntax Voice,The Syntax Voice,,,https://andreasehstandlicenseofclarityloc.github.io/augmanitai-stage-0/atlas/syntax-voice/,10.5281/zenodo.20118267,CC-BY-NC-ND-4.0,0009-0006-3773-7796
AUG-0394,synthetic-question,The Synthetic Question,The Synthetic Question,,,https://andreasehstandlicenseofclarityloc.github.io/augmanitai-stage-0/atlas/synthetic-question/,10.5281/zenodo.20118267,CC-BY-NC-ND-4.0,0009-0006-3773-7796
AUG-0614,synthetic-spotting,The Synthetic Spotting,The Synthetic Spotting,,,https://andreasehstandlicenseofclarityloc.github.io/augmanitai-stage-0/atlas/synthetic-spotting/,10.5281/zenodo.20118267,CC-BY-NC-ND-4.0,0009-0006-3773-7796
AUG-0012,synthetischer-polymath,Synthetischer Polymath,Synthetischer Polymath,,,https://andreasehstandlicenseofclarityloc.github.io/augmanitai-stage-0/atlas/synthetischer-polymath/,10.5281/zenodo.20118267,CC-BY-NC-ND-4.0,0009-0006-3773-7796
AUG-0281,tab-archive,The Tab Archive,The Tab Archive,,,https://andreasehstandlicenseofclarityloc.github.io/augmanitai-stage-0/atlas/tab-archive/,10.5281/zenodo.20118267,CC-BY-NC-ND-4.0,0009-0006-3773-7796
AUG-0907,task-agent,The Task Agent,The Task Agent,,,https://andreasehstandlicenseofclarityloc.github.io/augmanitai-stage-0/atlas/task-agent/,10.5281/zenodo.20118267,CC-BY-NC-ND-4.0,0009-0006-3773-7796
AUG-0861,task-assignment-range,The Task Assignment Range,The Task Assignment Range,,,https://andreasehstandlicenseofclarityloc.github.io/augmanitai-stage-0/atlas/task-assignment-range/,10.5281/zenodo.20118267,CC-BY-NC-ND-4.0,0009-0006-3773-7796
AUG-0863,task-boundary,The Task Boundary,The Task Boundary,,,https://andreasehstandlicenseofclarityloc.github.io/augmanitai-stage-0/atlas/task-boundary/,10.5281/zenodo.20118267,CC-BY-NC-ND-4.0,0009-0006-3773-7796
AUG-0931,tasks-physical-effect,Tasks-Physical Effect,Fine-Grain Execution,,,https://andreasehstandlicenseofclarityloc.github.io/augmanitai-stage-0/atlas/tasks-physical-effect/,10.5281/zenodo.20118267,CC-BY-NC-ND-4.0,0009-0006-3773-7796
AUG-0811,team-adoption-curve,The Team Adoption Curve,The Team Adoption Curve,,,https://andreasehstandlicenseofclarityloc.github.io/augmanitai-stage-0/atlas/team-adoption-curve/,10.5281/zenodo.20118267,CC-BY-NC-ND-4.0,0009-0006-3773-7796
AUG-STAGE0-tender-guard-indicator,tender-guard-indicator,Tender-Guard Indicator,Zarte Bewachung,,,https://andreasehstandlicenseofclarityloc.github.io/augmanitai-stage-0/atlas/tender-guard-indicator/,10.5281/zenodo.20118267,CC-BY-NC-ND-4.0,0009-0006-3773-7796
AUG-STAGE0-tender-guard,tender-guard,Tender Guard,Zarte Bewachung,,,https://andreasehstandlicenseofclarityloc.github.io/augmanitai-stage-0/atlas/tender-guard/,10.5281/zenodo.20118267,CC-BY-NC-ND-4.0,0009-0006-3773-7796
AUG-STAGE0-termmap,termmap,AUGMANITAI TERM MAP,AUGMANITAI TERM MAP,,,https://andreasehstandlicenseofclarityloc.github.io/augmanitai-stage-0/atlas/termmap/,10.5281/zenodo.20118267,CC-BY-NC-ND-4.0,0009-0006-3773-7796
AUG-0962,testing-protocol,The Testing Protocol,The Testing Protocol,,,https://andreasehstandlicenseofclarityloc.github.io/augmanitai-stage-0/atlas/testing-protocol/,10.5281/zenodo.20118267,CC-BY-NC-ND-4.0,0009-0006-3773-7796
AUG-0440,tethered-mind,The Tethered Mind,The Tethered Mind,,,https://andreasehstandlicenseofclarityloc.github.io/augmanitai-stage-0/atlas/tethered-mind/,10.5281/zenodo.20118267,CC-BY-NC-ND-4.0,0009-0006-3773-7796
AUG-0241,thank-you-reflex,The Thank Reflex,The Thank Reflex,,,https://andreasehstandlicenseofclarityloc.github.io/augmanitai-stage-0/atlas/thank-you-reflex/,10.5281/zenodo.20118267,CC-BY-NC-ND-4.0,0009-0006-3773-7796
AUG-0034,thermo-semantic-weighting,Thermo-Semantic Weighting,Thermo-Semantic Weighting,,,https://andreasehstandlicenseofclarityloc.github.io/augmanitai-stage-0/atlas/thermo-semantic-weighting/,10.5281/zenodo.20118267,CC-BY-NC-ND-4.0,0009-0006-3773-7796
AUG-0221,thinking-boost,The Thinking Boost,The Thinking Boost,,,https://andreasehstandlicenseofclarityloc.github.io/augmanitai-stage-0/atlas/thinking-boost/,10.5281/zenodo.20118267,CC-BY-NC-ND-4.0,0009-0006-3773-7796
AUG-0528,thinking-shortcut,The Thinking Shortcut,The Thinking Shortcut,,,https://andreasehstandlicenseofclarityloc.github.io/augmanitai-stage-0/atlas/thinking-shortcut/,10.5281/zenodo.20118267,CC-BY-NC-ND-4.0,0009-0006-3773-7796
AUG-0098,thinking-use,Thinking use,Thinking use,,,https://andreasehstandlicenseofclarityloc.github.io/augmanitai-stage-0/atlas/thinking-use/,10.5281/zenodo.20118267,CC-BY-NC-ND-4.0,0009-0006-3773-7796
AUG-0192,thinking-with-feeling,The Thinking-With Feeling,The Thinking-With Feeling,,,https://andreasehstandlicenseofclarityloc.github.io/augmanitai-stage-0/atlas/thinking-with-feeling/,10.5281/zenodo.20118267,CC-BY-NC-ND-4.0,0009-0006-3773-7796
AUG-STAGE0-thirst-miss,thirst-miss,Thirst Miss,Durst-Übersehen,,,https://andreasehstandlicenseofclarityloc.github.io/augmanitai-stage-0/atlas/thirst-miss/,10.5281/zenodo.20118267,CC-BY-NC-ND-4.0,0009-0006-3773-7796
AUG-0343,thorough-exploration,The Thorough Exploration,The Thorough Exploration,,,https://andreasehstandlicenseofclarityloc.github.io/augmanitai-stage-0/atlas/thorough-exploration/,10.5281/zenodo.20118267,CC-BY-NC-ND-4.0,0009-0006-3773-7796
AUG-0184,thought-dancing,Thought Dancing,Thought Dancing,,,https://andreasehstandlicenseofclarityloc.github.io/augmanitai-stage-0/atlas/thought-dancing/,10.5281/zenodo.20118267,CC-BY-NC-ND-4.0,0009-0006-3773-7796
AUG-0121,threshold-moment,The Threshold Moment,The Threshold Moment,,,https://andreasehstandlicenseofclarityloc.github.io/augmanitai-stage-0/atlas/threshold-moment/,10.5281/zenodo.20118267,CC-BY-NC-ND-4.0,0009-0006-3773-7796
AUG-0301,thumb-thinker,The Thumb Thinker,The Thumb Thinker,,,https://andreasehstandlicenseofclarityloc.github.io/augmanitai-stage-0/atlas/thumb-thinker/,10.5281/zenodo.20118267,CC-BY-NC-ND-4.0,0009-0006-3773-7796
AUG-0584,time-buyer,The Time Buyer,The Time Buyer,,,https://andreasehstandlicenseofclarityloc.github.io/augmanitai-stage-0/atlas/time-buyer/,10.5281/zenodo.20118267,CC-BY-NC-ND-4.0,0009-0006-3773-7796
AUG-0883,time-estimation,The Time Estimation,The Time Estimation,,,https://andreasehstandlicenseofclarityloc.github.io/augmanitai-stage-0/atlas/time-estimation/,10.5281/zenodo.20118267,CC-BY-NC-ND-4.0,0009-0006-3773-7796
AUG-0437,time-tetris,The Time Tetris,The Time Tetris,,,https://andreasehstandlicenseofclarityloc.github.io/augmanitai-stage-0/atlas/time-tetris/,10.5281/zenodo.20118267,CC-BY-NC-ND-4.0,0009-0006-3773-7796
AUG-0642,time-warp,The Time Warp,The Time Warp,,,https://andreasehstandlicenseofclarityloc.github.io/augmanitai-stage-0/atlas/time-warp/,10.5281/zenodo.20118267,CC-BY-NC-ND-4.0,0009-0006-3773-7796
AUG-0451,token-awareness,The Token Awareness,The Token Awareness,,,https://andreasehstandlicenseofclarityloc.github.io/augmanitai-stage-0/atlas/token-awareness/,10.5281/zenodo.20118267,CC-BY-NC-ND-4.0,0009-0006-3773-7796
AUG-0188,tone-alignment,Tone Alignment,Tone Alignment,,,https://andreasehstandlicenseofclarityloc.github.io/augmanitai-stage-0/atlas/tone-alignment/,10.5281/zenodo.20118267,CC-BY-NC-ND-4.0,0009-0006-3773-7796
AUG-0314,tone-debt,The Tone Debt,The Tone Debt,,,https://andreasehstandlicenseofclarityloc.github.io/augmanitai-stage-0/atlas/tone-debt/,10.5281/zenodo.20118267,CC-BY-NC-ND-4.0,0009-0006-3773-7796
AUG-0471,tone-dial,The Tone Dial,The Tone Dial,,,https://andreasehstandlicenseofclarityloc.github.io/augmanitai-stage-0/atlas/tone-dial/,10.5281/zenodo.20118267,CC-BY-NC-ND-4.0,0009-0006-3773-7796
AUG-0690,tone-language-challenge,The Tone Language Challenge,The Tone Language Challenge,,,https://andreasehstandlicenseofclarityloc.github.io/augmanitai-stage-0/atlas/tone-language-challenge/,10.5281/zenodo.20118267,CC-BY-NC-ND-4.0,0009-0006-3773-7796
AUG-0338,tone-match,The Tone Match,The Tone Match,,,https://andreasehstandlicenseofclarityloc.github.io/augmanitai-stage-0/atlas/tone-match/,10.5281/zenodo.20118267,CC-BY-NC-ND-4.0,0009-0006-3773-7796
AUG-0559,tone-proxy,The Tone Proxy,The Tone Proxy,,,https://andreasehstandlicenseofclarityloc.github.io/augmanitai-stage-0/atlas/tone-proxy/,10.5281/zenodo.20118267,CC-BY-NC-ND-4.0,0009-0006-3773-7796
AUG-STAGE0-tool-preference-effect,tool-preference-effect,Tool-Preference Effect,Bindungs-Gradient,,,https://andreasehstandlicenseofclarityloc.github.io/augmanitai-stage-0/atlas/tool-preference-effect/,10.5281/zenodo.20118267,CC-BY-NC-ND-4.0,0009-0006-3773-7796
AUG-0881,tool-selection,The Tool Selection,The Tool Selection,,,https://andreasehstandlicenseofclarityloc.github.io/augmanitai-stage-0/atlas/tool-selection/,10.5281/zenodo.20118267,CC-BY-NC-ND-4.0,0009-0006-3773-7796
AUG-0181,top-view,The Top View,The Top View,,,https://andreasehstandlicenseofclarityloc.github.io/augmanitai-stage-0/atlas/top-view/,10.5281/zenodo.20118267,CC-BY-NC-ND-4.0,0009-0006-3773-7796
AUG-0917,touch-interface,The Touch Interface,The Touch Interface,,,https://andreasehstandlicenseofclarityloc.github.io/augmanitai-stage-0/atlas/touch-interface/,10.5281/zenodo.20118267,CC-BY-NC-ND-4.0,0009-0006-3773-7796
AUG-0129,trailblazer-mode,The Trailblazer Mode,The Trailblazer Mode,,,https://andreasehstandlicenseofclarityloc.github.io/augmanitai-stage-0/atlas/trailblazer-mode/,10.5281/zenodo.20118267,CC-BY-NC-ND-4.0,0009-0006-3773-7796
AUG-0736,training-data-imbalance,The Training Data Imbalance,The Training Data Imbalance,,,https://andreasehstandlicenseofclarityloc.github.io/augmanitai-stage-0/atlas/training-data-imbalance/,10.5281/zenodo.20118267,CC-BY-NC-ND-4.0,0009-0006-3773-7796
AUG-0036,transient-validity,Transient Validity,Transient Validity,,,https://andreasehstandlicenseofclarityloc.github.io/augmanitai-stage-0/atlas/transient-validity/,10.5281/zenodo.20118267,CC-BY-NC-ND-4.0,0009-0006-3773-7796
AUG-0582,transition-script,The Transition Script,The Transition Script,,,https://andreasehstandlicenseofclarityloc.github.io/augmanitai-stage-0/atlas/transition-script/,10.5281/zenodo.20118267,CC-BY-NC-ND-4.0,0009-0006-3773-7796
AUG-0112,translation-burden,The Translation Burden,The Translation Burden,,,https://andreasehstandlicenseofclarityloc.github.io/augmanitai-stage-0/atlas/translation-burden/,10.5281/zenodo.20118267,CC-BY-NC-ND-4.0,0009-0006-3773-7796
AUG-0212,translation-gap,The Translation Gap,The Translation Gap,,,https://andreasehstandlicenseofclarityloc.github.io/augmanitai-stage-0/atlas/translation-gap/,10.5281/zenodo.20118267,CC-BY-NC-ND-4.0,0009-0006-3773-7796
AUG-0403,translation-relief,The Translation Relief,The Translation Relief,,,https://andreasehstandlicenseofclarityloc.github.io/augmanitai-stage-0/atlas/translation-relief/,10.5281/zenodo.20118267,CC-BY-NC-ND-4.0,0009-0006-3773-7796
AUG-0678,transnational-input,The Transnational Input,The Transnational Input,,,https://andreasehstandlicenseofclarityloc.github.io/augmanitai-stage-0/atlas/transnational-input/,10.5281/zenodo.20118267,CC-BY-NC-ND-4.0,0009-0006-3773-7796
AUG-0681,transnational-professional-effect,Transnational-Professional Effect,Multi-Context Identity,,,https://andreasehstandlicenseofclarityloc.github.io/augmanitai-stage-0/atlas/transnational-professional-effect/,10.5281/zenodo.20118267,CC-BY-NC-ND-4.0,0009-0006-3773-7796
AUG-0842,transparency-expectation,The Transparency Expectation,The Transparency Expectation,,,https://andreasehstandlicenseofclarityloc.github.io/augmanitai-stage-0/atlas/transparency-expectation/,10.5281/zenodo.20118267,CC-BY-NC-ND-4.0,0009-0006-3773-7796
AUG-0955,transparency-layer,The Transparency Layer,The Transparency Layer,,,https://andreasehstandlicenseofclarityloc.github.io/augmanitai-stage-0/atlas/transparency-layer/,10.5281/zenodo.20118267,CC-BY-NC-ND-4.0,0009-0006-3773-7796
AUG-0829,transparency-policy,The Transparency Policy,The Transparency Policy,,,https://andreasehstandlicenseofclarityloc.github.io/augmanitai-stage-0/atlas/transparency-policy/,10.5281/zenodo.20118267,CC-BY-NC-ND-4.0,0009-0006-3773-7796
AUG-0500,travel-ghost,The Travel Ghost,The Travel Ghost,,,https://andreasehstandlicenseofclarityloc.github.io/augmanitai-stage-0/atlas/travel-ghost/,10.5281/zenodo.20118267,CC-BY-NC-ND-4.0,0009-0006-3773-7796
AUG-0593,trend-rush,The Trend Rush,The Trend Rush,,,https://andreasehstandlicenseofclarityloc.github.io/augmanitai-stage-0/atlas/trend-rush/,10.5281/zenodo.20118267,CC-BY-NC-ND-4.0,0009-0006-3773-7796
AUG-0709,trilingual-juggle,The Trilingual Juggle,The Trilingual Juggle,,,https://andreasehstandlicenseofclarityloc.github.io/augmanitai-stage-0/atlas/trilingual-juggle/,10.5281/zenodo.20118267,CC-BY-NC-ND-4.0,0009-0006-3773-7796
AUG-0018,trinaug-protocol,Trinaug Protocol,Trinaug Protocol,,,https://andreasehstandlicenseofclarityloc.github.io/augmanitai-stage-0/atlas/trinaug-protocol/,10.5281/zenodo.20118267,CC-BY-NC-ND-4.0,0009-0006-3773-7796
AUG-0351,trivia-flex,The Trivia Flex,The Trivia Flex,,,https://andreasehstandlicenseofclarityloc.github.io/augmanitai-stage-0/atlas/trivia-flex/,10.5281/zenodo.20118267,CC-BY-NC-ND-4.0,0009-0006-3773-7796
AUG-0496,trivia-shield,The Trivia Shield,The Trivia Shield,,,https://andreasehstandlicenseofclarityloc.github.io/augmanitai-stage-0/atlas/trivia-shield/,10.5281/zenodo.20118267,CC-BY-NC-ND-4.0,0009-0006-3773-7796
AUG-STAGE0-trust-armor-indicator,trust-armor-indicator,Trust-Armor Indicator,Vertrauens-Rüstung,,,https://andreasehstandlicenseofclarityloc.github.io/augmanitai-stage-0/atlas/trust-armor-indicator/,10.5281/zenodo.20118267,CC-BY-NC-ND-4.0,0009-0006-3773-7796
AUG-STAGE0-trust-armor,trust-armor,Trust Armor,Vertrauens-Rüstung,,,https://andreasehstandlicenseofclarityloc.github.io/augmanitai-stage-0/atlas/trust-armor/,10.5281/zenodo.20118267,CC-BY-NC-ND-4.0,0009-0006-3773-7796
AUG-0978,trust-calibration,The Trust Calibration,The Trust Calibration,,,https://andreasehstandlicenseofclarityloc.github.io/augmanitai-stage-0/atlas/trust-calibration/,10.5281/zenodo.20118267,CC-BY-NC-ND-4.0,0009-0006-3773-7796
AUG-0904,trust-chain,The Trust Chain,The Trust Chain,,,https://andreasehstandlicenseofclarityloc.github.io/augmanitai-stage-0/atlas/trust-chain/,10.5281/zenodo.20118267,CC-BY-NC-ND-4.0,0009-0006-3773-7796
AUG-0852,trust-infrastructure,The Trust Infrastructure,The Trust Infrastructure,,,https://andreasehstandlicenseofclarityloc.github.io/augmanitai-stage-0/atlas/trust-infrastructure/,10.5281/zenodo.20118267,CC-BY-NC-ND-4.0,0009-0006-3773-7796
AUG-0177,trust-setting,The Trust Setting,The Trust Setting,,,https://andreasehstandlicenseofclarityloc.github.io/augmanitai-stage-0/atlas/trust-setting/,10.5281/zenodo.20118267,CC-BY-NC-ND-4.0,0009-0006-3773-7796
AUG-0588,trust-shift,The Trust Shift,The Trust Shift,,,https://andreasehstandlicenseofclarityloc.github.io/augmanitai-stage-0/atlas/trust-shift/,10.5281/zenodo.20118267,CC-BY-NC-ND-4.0,0009-0006-3773-7796
AUG-0527,truth-anchor,The Truth Anchor,The Truth Anchor,,,https://andreasehstandlicenseofclarityloc.github.io/augmanitai-stage-0/atlas/truth-anchor/,10.5281/zenodo.20118267,CC-BY-NC-ND-4.0,0009-0006-3773-7796
AUG-0581,truth-filter,The Truth Filter,The Truth Filter,,,https://andreasehstandlicenseofclarityloc.github.io/augmanitai-stage-0/atlas/truth-filter/,10.5281/zenodo.20118267,CC-BY-NC-ND-4.0,0009-0006-3773-7796
AUG-0640,truth-quest,The Truth Quest,The Truth Quest,,,https://andreasehstandlicenseofclarityloc.github.io/augmanitai-stage-0/atlas/truth-quest/,10.5281/zenodo.20118267,CC-BY-NC-ND-4.0,0009-0006-3773-7796
AUG-0378,turing-suspicion,The Turing Suspicion,The Turing Suspicion,,,https://andreasehstandlicenseofclarityloc.github.io/augmanitai-stage-0/atlas/turing-suspicion/,10.5281/zenodo.20118267,CC-BY-NC-ND-4.0,0009-0006-3773-7796
AUG-0380,turnitin-moment,The Turnitin Moment,The Turnitin Moment,,,https://andreasehstandlicenseofclarityloc.github.io/augmanitai-stage-0/atlas/turnitin-moment/,10.5281/zenodo.20118267,CC-BY-NC-ND-4.0,0009-0006-3773-7796
AUG-0480,tutorial-speedrun,The Tutorial Speedrun,The Tutorial Speedrun,,,https://andreasehstandlicenseofclarityloc.github.io/augmanitai-stage-0/atlas/tutorial-speedrun/,10.5281/zenodo.20118267,CC-BY-NC-ND-4.0,0009-0006-3773-7796
AUG-0360,ubuntu-web,The Ubuntu Web,The Ubuntu Web,,,https://andreasehstandlicenseofclarityloc.github.io/augmanitai-stage-0/atlas/ubuntu-web/,10.5281/zenodo.20118267,CC-BY-NC-ND-4.0,0009-0006-3773-7796
AUG-0243,ugly-draft,The Ugly Draft,The Ugly Draft,,,https://andreasehstandlicenseofclarityloc.github.io/augmanitai-stage-0/atlas/ugly-draft/,10.5281/zenodo.20118267,CC-BY-NC-ND-4.0,0009-0006-3773-7796
AUG-0350,ugly-truth,The Ugly Truth,The Ugly Truth,,,https://andreasehstandlicenseofclarityloc.github.io/augmanitai-stage-0/atlas/ugly-truth/,10.5281/zenodo.20118267,CC-BY-NC-ND-4.0,0009-0006-3773-7796
AUG-0916,uncanny-valley-revisited,The Uncanny Valley Revisited,The Uncanny Valley Revisited,,,https://andreasehstandlicenseofclarityloc.github.io/augmanitai-stage-0/atlas/uncanny-valley-revisited/,10.5281/zenodo.20118267,CC-BY-NC-ND-4.0,0009-0006-3773-7796
AUG-0644,uncaptured-moment,The Uncaptured Moment,The Uncaptured Moment,,,https://andreasehstandlicenseofclarityloc.github.io/augmanitai-stage-0/atlas/uncaptured-moment/,10.5281/zenodo.20118267,CC-BY-NC-ND-4.0,0009-0006-3773-7796
AUG-0707,uncertainty-language-effect,Uncertainty-Language Effect,Second-Language Friction,,,https://andreasehstandlicenseofclarityloc.github.io/augmanitai-stage-0/atlas/uncertainty-language-effect/,10.5281/zenodo.20118267,CC-BY-NC-ND-4.0,0009-0006-3773-7796
AUG-0422,unchecked-trust,The Unchecked Trust,The Unchecked Trust,,,https://andreasehstandlicenseofclarityloc.github.io/augmanitai-stage-0/atlas/unchecked-trust/,10.5281/zenodo.20118267,CC-BY-NC-ND-4.0,0009-0006-3773-7796
AUG-0739,underrepresented-region-perspective,The Underrepresented Region Perspective,The Underrepresented Region Perspective,,,https://andreasehstandlicenseofclarityloc.github.io/augmanitai-stage-0/atlas/underrepresented-region-perspective/,10.5281/zenodo.20118267,CC-BY-NC-ND-4.0,0009-0006-3773-7796
AUG-0379,understanding-bridge,The Understanding Bridge,The Understanding Bridge,,,https://andreasehstandlicenseofclarityloc.github.io/augmanitai-stage-0/atlas/understanding-bridge/,10.5281/zenodo.20118267,CC-BY-NC-ND-4.0,0009-0006-3773-7796
AUG-0206,understanding-dial,The Understanding Dial,The Understanding Dial,,,https://andreasehstandlicenseofclarityloc.github.io/augmanitai-stage-0/atlas/understanding-dial/,10.5281/zenodo.20118267,CC-BY-NC-ND-4.0,0009-0006-3773-7796
AUG-0225,unexpected-voice,The Unexpected Voice,The Unexpected Voice,,,https://andreasehstandlicenseofclarityloc.github.io/augmanitai-stage-0/atlas/unexpected-voice/,10.5281/zenodo.20118267,CC-BY-NC-ND-4.0,0009-0006-3773-7796
AUG-0150,unfinished-symphony,The Unfinished Symphony,The Unfinished Symphony,,,https://andreasehstandlicenseofclarityloc.github.io/augmanitai-stage-0/atlas/unfinished-symphony/,10.5281/zenodo.20118267,CC-BY-NC-ND-4.0,0009-0006-3773-7796
AUG-0949,unintended-action,The Unintended Action,The Unintended Action,,,https://andreasehstandlicenseofclarityloc.github.io/augmanitai-stage-0/atlas/unintended-action/,10.5281/zenodo.20118267,CC-BY-NC-ND-4.0,0009-0006-3773-7796
AUG-0830,union-perspective,The Union Perspective,The Union Perspective,,,https://andreasehstandlicenseofclarityloc.github.io/augmanitai-stage-0/atlas/union-perspective/,10.5281/zenodo.20118267,CC-BY-NC-ND-4.0,0009-0006-3773-7796
AUG-STAGE0-unknown,unknown,None,None,,,https://andreasehstandlicenseofclarityloc.github.io/augmanitai-stage-0/atlas/unknown/,10.5281/zenodo.20118267,CC-BY-NC-ND-4.0,0009-0006-3773-7796
AUG-0044,unlearning-protocol,Unlearning Protocol,Unlearning Protocol,,,https://andreasehstandlicenseofclarityloc.github.io/augmanitai-stage-0/atlas/unlearning-protocol/,10.5281/zenodo.20118267,CC-BY-NC-ND-4.0,0009-0006-3773-7796
AUG-0294,unsent-draft,The Unsent Draft,The Unsent Draft,,,https://andreasehstandlicenseofclarityloc.github.io/augmanitai-stage-0/atlas/unsent-draft/,10.5281/zenodo.20118267,CC-BY-NC-ND-4.0,0009-0006-3773-7796
AUG-0280,unshared-brilliance,The Unshared Brilliance,The Unshared Brilliance,,,https://andreasehstandlicenseofclarityloc.github.io/augmanitai-stage-0/atlas/unshared-brilliance/,10.5281/zenodo.20118267,CC-BY-NC-ND-4.0,0009-0006-3773-7796
AUG-0695,untranslatable-term,The Untranslatable Term,The Untranslatable Term,,,https://andreasehstandlicenseofclarityloc.github.io/augmanitai-stage-0/atlas/untranslatable-term/,10.5281/zenodo.20118267,CC-BY-NC-ND-4.0,0009-0006-3773-7796
AUG-0969,update-governance,The Update Governance,The Update Governance,,,https://andreasehstandlicenseofclarityloc.github.io/augmanitai-stage-0/atlas/update-governance/,10.5281/zenodo.20118267,CC-BY-NC-ND-4.0,0009-0006-3773-7796
AUG-0636,user-longer-effect,User-Longer Effect,Phase-Out Switch,,,https://andreasehstandlicenseofclarityloc.github.io/augmanitai-stage-0/atlas/user-longer-effect/,10.5281/zenodo.20118267,CC-BY-NC-ND-4.0,0009-0006-3773-7796
AUG-0838,utopia-projection,The Utopia Projection,The Utopia Projection,,,https://andreasehstandlicenseofclarityloc.github.io/augmanitai-stage-0/atlas/utopia-projection/,10.5281/zenodo.20118267,CC-BY-NC-ND-4.0,0009-0006-3773-7796
AUG-0472,vacation-planner,The Vacation Planner,The Vacation Planner,,,https://andreasehstandlicenseofclarityloc.github.io/augmanitai-stage-0/atlas/vacation-planner/,10.5281/zenodo.20118267,CC-BY-NC-ND-4.0,0009-0006-3773-7796
AUG-0531,validation-loop,The Validation Loop,The Validation Loop,,,https://andreasehstandlicenseofclarityloc.github.io/augmanitai-stage-0/atlas/validation-loop/,10.5281/zenodo.20118267,CC-BY-NC-ND-4.0,0009-0006-3773-7796
AUG-0909,validator-agent,The Validator Agent,The Validator Agent,,,https://andreasehstandlicenseofclarityloc.github.io/augmanitai-stage-0/atlas/validator-agent/,10.5281/zenodo.20118267,CC-BY-NC-ND-4.0,0009-0006-3773-7796
AUG-0951,value-lock,The Value Lock,The Value Lock,,,https://andreasehstandlicenseofclarityloc.github.io/augmanitai-stage-0/atlas/value-lock/,10.5281/zenodo.20118267,CC-BY-NC-ND-4.0,0009-0006-3773-7796
AUG-0107,verification-principle,The Verification Principle,The Verification Principle,,,https://andreasehstandlicenseofclarityloc.github.io/augmanitai-stage-0/atlas/verification-principle/,10.5281/zenodo.20118267,CC-BY-NC-ND-4.0,0009-0006-3773-7796
AUG-0970,version-compatibility,The Version Compatibility,The Version Compatibility,,,https://andreasehstandlicenseofclarityloc.github.io/augmanitai-stage-0/atlas/version-compatibility/,10.5281/zenodo.20118267,CC-BY-NC-ND-4.0,0009-0006-3773-7796
AUG-0228,version-control-self,The Version Control Self,The Version Control Self,,,https://andreasehstandlicenseofclarityloc.github.io/augmanitai-stage-0/atlas/version-control-self/,10.5281/zenodo.20118267,CC-BY-NC-ND-4.0,0009-0006-3773-7796
AUG-STAGE0-vibration-sense-mechanism,vibration-sense-mechanism,Vibration-Sense Mechanism,Vibrations-Sinn,,,https://andreasehstandlicenseofclarityloc.github.io/augmanitai-stage-0/atlas/vibration-sense-mechanism/,10.5281/zenodo.20118267,CC-BY-NC-ND-4.0,0009-0006-3773-7796
AUG-STAGE0-vibration-sense,vibration-sense,Vibration Sense,Vibrations-Sinn,,,https://andreasehstandlicenseofclarityloc.github.io/augmanitai-stage-0/atlas/vibration-sense/,10.5281/zenodo.20118267,CC-BY-NC-ND-4.0,0009-0006-3773-7796
AUG-0634,view-exchange,The View Exchange,The View Exchange,,,https://andreasehstandlicenseofclarityloc.github.io/augmanitai-stage-0/atlas/view-exchange/,10.5281/zenodo.20118267,CC-BY-NC-ND-4.0,0009-0006-3773-7796
AUG-0292,view-shift,The View Shift,The View Shift,,,https://andreasehstandlicenseofclarityloc.github.io/augmanitai-stage-0/atlas/view-shift/,10.5281/zenodo.20118267,CC-BY-NC-ND-4.0,0009-0006-3773-7796
AUG-0023,vigilance-imperative,Vigilance Imperative,Vigilance Imperative,,,https://andreasehstandlicenseofclarityloc.github.io/augmanitai-stage-0/atlas/vigilance-imperative/,10.5281/zenodo.20118267,CC-BY-NC-ND-4.0,0009-0006-3773-7796
AUG-0977,vigilance-paradox,The Vigilance Paradox,The Vigilance Paradox,,,https://andreasehstandlicenseofclarityloc.github.io/augmanitai-stage-0/atlas/vigilance-paradox/,10.5281/zenodo.20118267,CC-BY-NC-ND-4.0,0009-0006-3773-7796
AUG-0022,vigilant-continuity,Vigilant Continuity,Vigilant Continuity,,,https://andreasehstandlicenseofclarityloc.github.io/augmanitai-stage-0/atlas/vigilant-continuity/,10.5281/zenodo.20118267,CC-BY-NC-ND-4.0,0009-0006-3773-7796
AUG-0430,vintage-loop,The Vintage Loop,The Vintage Loop,,,https://andreasehstandlicenseofclarityloc.github.io/augmanitai-stage-0/atlas/vintage-loop/,10.5281/zenodo.20118267,CC-BY-NC-ND-4.0,0009-0006-3773-7796
AUG-0591,virtual-double-effect,The Virtual Double Effect,The Virtual Double Effect,,,https://andreasehstandlicenseofclarityloc.github.io/augmanitai-stage-0/atlas/virtual-double-effect/,10.5281/zenodo.20118267,CC-BY-NC-ND-4.0,0009-0006-3773-7796
AUG-0809,visible-ai-use,The Visible AI Use,The Visible AI Use,,,https://andreasehstandlicenseofclarityloc.github.io/augmanitai-stage-0/atlas/visible-ai-use/,10.5281/zenodo.20118267,CC-BY-NC-ND-4.0,0009-0006-3773-7796
AUG-0323,vocabulary-blur,The Vocabulary Blur,The Vocabulary Blur,,,https://andreasehstandlicenseofclarityloc.github.io/augmanitai-stage-0/atlas/vocabulary-blur/,10.5281/zenodo.20118267,CC-BY-NC-ND-4.0,0009-0006-3773-7796
AUG-0794,vocational-training-fit,The Vocational Training Fit,The Vocational Training Fit,,,https://andreasehstandlicenseofclarityloc.github.io/augmanitai-stage-0/atlas/vocational-training-fit/,10.5281/zenodo.20118267,CC-BY-NC-ND-4.0,0009-0006-3773-7796
AUG-0455,voice-enunciation,The Voice Enunciation,The Voice Enunciation,,,https://andreasehstandlicenseofclarityloc.github.io/augmanitai-stage-0/atlas/voice-enunciation/,10.5281/zenodo.20118267,CC-BY-NC-ND-4.0,0009-0006-3773-7796
AUG-0137,voice-first-protocol,Voice-First Protocol,Voice-First Protocol,,,https://andreasehstandlicenseofclarityloc.github.io/augmanitai-stage-0/atlas/voice-first-protocol/,10.5281/zenodo.20118267,CC-BY-NC-ND-4.0,0009-0006-3773-7796
AUG-0573,voice-morph,The Voice Morph,The Voice Morph,,,https://andreasehstandlicenseofclarityloc.github.io/augmanitai-stage-0/atlas/voice-morph/,10.5281/zenodo.20118267,CC-BY-NC-ND-4.0,0009-0006-3773-7796
AUG-0633,voice-shift,The Voice Shift,The Voice Shift,,,https://andreasehstandlicenseofclarityloc.github.io/augmanitai-stage-0/atlas/voice-shift/,10.5281/zenodo.20118267,CC-BY-NC-ND-4.0,0009-0006-3773-7796
AUG-0386,voice-valley,The Voice Valley,The Voice Valley,,,https://andreasehstandlicenseofclarityloc.github.io/augmanitai-stage-0/atlas/voice-valley/,10.5281/zenodo.20118267,CC-BY-NC-ND-4.0,0009-0006-3773-7796
AUG-0894,voting-mechanism,The Voting Mechanism,The Voting Mechanism,,,https://andreasehstandlicenseofclarityloc.github.io/augmanitai-stage-0/atlas/voting-mechanism/,10.5281/zenodo.20118267,CC-BY-NC-ND-4.0,0009-0006-3773-7796
AUG-0734,vpn-workaround,The VPN Workaround,The VPN Workaround,,,https://andreasehstandlicenseofclarityloc.github.io/augmanitai-stage-0/atlas/vpn-workaround/,10.5281/zenodo.20118267,CC-BY-NC-ND-4.0,0009-0006-3773-7796
AUG-0431,wait-signal,The Wait Signal,The Wait Signal,,,https://andreasehstandlicenseofclarityloc.github.io/augmanitai-stage-0/atlas/wait-signal/,10.5281/zenodo.20118267,CC-BY-NC-ND-4.0,0009-0006-3773-7796
AUG-0456,waiting-dot,The Waiting Dot,The Waiting Dot,,,https://andreasehstandlicenseofclarityloc.github.io/augmanitai-stage-0/atlas/waiting-dot/,10.5281/zenodo.20118267,CC-BY-NC-ND-4.0,0009-0006-3773-7796
AUG-0224,waiting-game,The Waiting Game,The Waiting Game,,,https://andreasehstandlicenseofclarityloc.github.io/augmanitai-stage-0/atlas/waiting-game/,10.5281/zenodo.20118267,CC-BY-NC-ND-4.0,0009-0006-3773-7796
AUG-0345,wall-check,The Wall Check,The Wall Check,,,https://andreasehstandlicenseofclarityloc.github.io/augmanitai-stage-0/atlas/wall-check/,10.5281/zenodo.20118267,CC-BY-NC-ND-4.0,0009-0006-3773-7796
AUG-0231,warm-start,The Warm Start,The Warm Start,,,https://andreasehstandlicenseofclarityloc.github.io/augmanitai-stage-0/atlas/warm-start/,10.5281/zenodo.20118267,CC-BY-NC-ND-4.0,0009-0006-3773-7796
AUG-0941,wear-and-tear-awareness,Wear-and-Tear Awareness,Verschleiß-and-Tear Awareness,,,https://andreasehstandlicenseofclarityloc.github.io/augmanitai-stage-0/atlas/wear-and-tear-awareness/,10.5281/zenodo.20118267,CC-BY-NC-ND-4.0,0009-0006-3773-7796
AUG-0936,wearable-layer,The Wearable Layer,The Wearable Layer,,,https://andreasehstandlicenseofclarityloc.github.io/augmanitai-stage-0/atlas/wearable-layer/,10.5281/zenodo.20118267,CC-BY-NC-ND-4.0,0009-0006-3773-7796
AUG-0140,weekly-status,The Weekly Status,The Weekly Status,,,https://andreasehstandlicenseofclarityloc.github.io/augmanitai-stage-0/atlas/weekly-status/,10.5281/zenodo.20118267,CC-BY-NC-ND-4.0,0009-0006-3773-7796
AUG-0417,what-if-preview,The What-If Preview,The What-If Preview,,,https://andreasehstandlicenseofclarityloc.github.io/augmanitai-stage-0/atlas/what-if-preview/,10.5281/zenodo.20118267,CC-BY-NC-ND-4.0,0009-0006-3773-7796
AUG-0289,what-if-run,The What-If Run,The What-If Run,,,https://andreasehstandlicenseofclarityloc.github.io/augmanitai-stage-0/atlas/what-if-run/,10.5281/zenodo.20118267,CC-BY-NC-ND-4.0,0009-0006-3773-7796
AUG-0425,whisper-hunch,The Whisper Hunch,The Whisper Hunch,,,https://andreasehstandlicenseofclarityloc.github.io/augmanitai-stage-0/atlas/whisper-hunch/,10.5281/zenodo.20118267,CC-BY-NC-ND-4.0,0009-0006-3773-7796
AUG-0478,wi-fi-moment,The Wi-Fi Moment,The Wi-Fi Moment,,,https://andreasehstandlicenseofclarityloc.github.io/augmanitai-stage-0/atlas/wi-fi-moment/,10.5281/zenodo.20118267,CC-BY-NC-ND-4.0,0009-0006-3773-7796
AUG-0520,wiki-wormhole,The Wiki Wormhole,The Wiki Wormhole,,,https://andreasehstandlicenseofclarityloc.github.io/augmanitai-stage-0/atlas/wiki-wormhole/,10.5281/zenodo.20118267,CC-BY-NC-ND-4.0,0009-0006-3773-7796
AUG-STAGE0-without-judg-phenomenon,without-judg-phenomenon,Without-Judg Phenomenon,Ohne Urteil,,,https://andreasehstandlicenseofclarityloc.github.io/augmanitai-stage-0/atlas/without-judg-phenomenon/,10.5281/zenodo.20118267,CC-BY-NC-ND-4.0,0009-0006-3773-7796
AUG-STAGE0-without-judg,without-judg,Without Judg,Ohne Urteil,,,https://andreasehstandlicenseofclarityloc.github.io/augmanitai-stage-0/atlas/without-judg/,10.5281/zenodo.20118267,CC-BY-NC-ND-4.0,0009-0006-3773-7796
AUG-0170,witness-effect,The Witness Effect,The Witness Effect,,,https://andreasehstandlicenseofclarityloc.github.io/augmanitai-stage-0/atlas/witness-effect/,10.5281/zenodo.20118267,CC-BY-NC-ND-4.0,0009-0006-3773-7796
AUG-STAGE0-witness-want-indicator,witness-want-indicator,Witness-Want Indicator,Zeuge-Wunsch,,,https://andreasehstandlicenseofclarityloc.github.io/augmanitai-stage-0/atlas/witness-want-indicator/,10.5281/zenodo.20118267,CC-BY-NC-ND-4.0,0009-0006-3773-7796
AUG-STAGE0-witness-want,witness-want,Witness Want,Zeuge-Wunsch,,,https://andreasehstandlicenseofclarityloc.github.io/augmanitai-stage-0/atlas/witness-want/,10.5281/zenodo.20118267,CC-BY-NC-ND-4.0,0009-0006-3773-7796
AUG-0434,word-rescue,The Word Rescue,The Word Rescue,,,https://andreasehstandlicenseofclarityloc.github.io/augmanitai-stage-0/atlas/word-rescue/,10.5281/zenodo.20118267,CC-BY-NC-ND-4.0,0009-0006-3773-7796
AUG-0196,words-before-words,The Words-Before-Words,The Words-Before-Words,,,https://andreasehstandlicenseofclarityloc.github.io/augmanitai-stage-0/atlas/words-before-words/,10.5281/zenodo.20118267,CC-BY-NC-ND-4.0,0009-0006-3773-7796
AUG-0991,workplace-coexistence,The Workplace Coexistence,The Workplace Coexistence,,,https://andreasehstandlicenseofclarityloc.github.io/augmanitai-stage-0/atlas/workplace-coexistence/,10.5281/zenodo.20118267,CC-BY-NC-ND-4.0,0009-0006-3773-7796
AUG-0743,world-access-effect,World-Access Effect,Mobile-First Society,,,https://andreasehstandlicenseofclarityloc.github.io/augmanitai-stage-0/atlas/world-access-effect/,10.5281/zenodo.20118267,CC-BY-NC-ND-4.0,0009-0006-3773-7796
AUG-0712,written-spoken-split,The Written-Spoken Split,The Written-Spoken Split,,,https://andreasehstandlicenseofclarityloc.github.io/augmanitai-stage-0/atlas/written-spoken-split/,10.5281/zenodo.20118267,CC-BY-NC-ND-4.0,0009-0006-3773-7796
AUG-0004,zero-point-self,Zero-Point Self,Zero-Point Self,,,https://andreasehstandlicenseofclarityloc.github.io/augmanitai-stage-0/atlas/zero-point-self/,10.5281/zenodo.20118267,CC-BY-NC-ND-4.0,0009-0006-3773-7796
